<hostitem:hostItem hostitem:baseType="Microsoft.Office.Tools.Excel.Worksheet" hostitem:namespace="" hostitem:className="Sheet2" hostitem:identifier="Sheet2" hostitem:primaryCookie="Sheet2" hostitem:startupIndex="2" xmlns:hostitem="http://schemas.microsoft.com/2004/VisualStudio/Tools/Applications/HostItem.xsd">
  <hostitem:hostControl hostitem:name="Chart 1" hostitem:identifier="Chart_1" hostitem:type="Microsoft.Office.Tools.Excel.Chart" hostitem:primaryCookie="Sheet2:Chart 1" hostitem:extenderCookie="" hostitem:modifier="Internal" />
  <hostitem:hostControl hostitem:name="History" hostitem:identifier="History" hostitem:type="Microsoft.Office.Tools.Excel.ListObject" hostitem:primaryCookie="Sheet2:History" hostitem:extenderCookie="" hostitem:modifier="Internal" />
  <hostitem:hostControl hostitem:name="FlavorNamedRange" hostitem:identifier="FlavorNamedRange" hostitem:type="Microsoft.Office.Tools.Excel.NamedRange" hostitem:primaryCookie="FlavorNamedRange" hostitem:extenderCookie="" hostitem:modifier="Internal" />
  <hostitem:hostControl hostitem:name="Sheet2!TitleLabel" hostitem:identifier="Sheet2_TitleLabel" hostitem:type="Microsoft.Office.Tools.Excel.NamedRange" hostitem:primaryCookie="Sheet2!TitleLabel" hostitem:extenderCookie="" hostitem:modifier="Internal" />
  <hostitem:hostControl hostitem:name="IceCreamLabel" hostitem:identifier="IceCreamLabel" hostitem:type="Microsoft.Office.Tools.Excel.NamedRange" hostitem:primaryCookie="IceCreamLabel" hostitem:extenderCookie="" hostitem:modifier="Internal" />
  <hostitem:componentsDeclaration />
  <hostitem:componentsInitialization><![CDATA[<SOAP-ENV:Envelope xmlns:xsi="http://www.w3.org/2001/XMLSchema-instance" xmlns:xsd="http://www.w3.org/2001/XMLSchema" xmlns:SOAP-ENC="http://schemas.xmlsoap.org/soap/encoding/" xmlns:SOAP-ENV="http://schemas.xmlsoap.org/soap/envelope/" xmlns:clr="http://schemas.microsoft.com/soap/encoding/clr/1.0" SOAP-ENV:encodingStyle="http://schemas.xmlsoap.org/soap/encoding/">
<SOAP-ENV:Body>
<a1:CodeStatementCollection id="ref-1" xmlns:a1="http://schemas.microsoft.com/clr/nsassem/System.CodeDom/System%2C%20Version%3D4.0.0.0%2C%20Culture%3Dneutral%2C%20PublicKeyToken%3Db77a5c561934e089">
<CollectionBase_x002B_list href="#ref-3"/>
</a1:CodeStatementCollection>
<a2:ArrayList id="ref-3" xmlns:a2="http://schemas.microsoft.com/clr/ns/System.Collections">
<_items href="#ref-4"/>
<_size>15</_size>
<_version>15</_version>
</a2:ArrayList>
<SOAP-ENC:Array id="ref-4" SOAP-ENC:arrayType="xsd:anyType[16]">
<item href="#ref-5"/>
<item href="#ref-6"/>
<item href="#ref-7"/>
<item href="#ref-8"/>
<item href="#ref-9"/>
<item href="#ref-10"/>
<item href="#ref-11"/>
<item href="#ref-12"/>
<item href="#ref-13"/>
<item href="#ref-14"/>
<item href="#ref-15"/>
<item href="#ref-16"/>
<item href="#ref-17"/>
<item href="#ref-18"/>
<item href="#ref-19"/>
</SOAP-ENC:Array>
<a1:CodeExpressionStatement id="ref-5" xmlns:a1="http://schemas.microsoft.com/clr/nsassem/System.CodeDom/System%2C%20Version%3D4.0.0.0%2C%20Culture%3Dneutral%2C%20PublicKeyToken%3Db77a5c561934e089">
<expression href="#ref-20"/>
<CodeStatement_x002B_linePragma xsi:null="1"/>
<CodeStatement_x002B_startDirectives href="#ref-21"/>
<CodeStatement_x002B_endDirectives href="#ref-22"/>
<CodeObject_x002B_userData href="#ref-23"/>
</a1:CodeExpressionStatement>
<a1:CodeExpressionStatement id="ref-6" xmlns:a1="http://schemas.microsoft.com/clr/nsassem/System.CodeDom/System%2C%20Version%3D4.0.0.0%2C%20Culture%3Dneutral%2C%20PublicKeyToken%3Db77a5c561934e089">
<expression href="#ref-24"/>
<CodeStatement_x002B_linePragma xsi:null="1"/>
<CodeStatement_x002B_startDirectives href="#ref-25"/>
<CodeStatement_x002B_endDirectives href="#ref-26"/>
<CodeObject_x002B_userData href="#ref-27"/>
</a1:CodeExpressionStatement>
<a1:CodeExpressionStatement id="ref-7" xmlns:a1="http://schemas.microsoft.com/clr/nsassem/System.CodeDom/System%2C%20Version%3D4.0.0.0%2C%20Culture%3Dneutral%2C%20PublicKeyToken%3Db77a5c561934e089">
<expression href="#ref-28"/>
<CodeStatement_x002B_linePragma xsi:null="1"/>
<CodeStatement_x002B_startDirectives href="#ref-29"/>
<CodeStatement_x002B_endDirectives href="#ref-30"/>
<CodeObject_x002B_userData href="#ref-31"/>
</a1:CodeExpressionStatement>
<a1:CodeExpressionStatement id="ref-8" xmlns:a1="http://schemas.microsoft.com/clr/nsassem/System.CodeDom/System%2C%20Version%3D4.0.0.0%2C%20Culture%3Dneutral%2C%20PublicKeyToken%3Db77a5c561934e089">
<expression href="#ref-32"/>
<CodeStatement_x002B_linePragma xsi:null="1"/>
<CodeStatement_x002B_startDirectives href="#ref-33"/>
<CodeStatement_x002B_endDirectives href="#ref-34"/>
<CodeObject_x002B_userData href="#ref-35"/>
</a1:CodeExpressionStatement>
<a1:CodeExpressionStatement id="ref-9" xmlns:a1="http://schemas.microsoft.com/clr/nsassem/System.CodeDom/System%2C%20Version%3D4.0.0.0%2C%20Culture%3Dneutral%2C%20PublicKeyToken%3Db77a5c561934e089">
<expression href="#ref-36"/>
<CodeStatement_x002B_linePragma xsi:null="1"/>
<CodeStatement_x002B_startDirectives href="#ref-37"/>
<CodeStatement_x002B_endDirectives href="#ref-38"/>
<CodeObject_x002B_userData href="#ref-39"/>
</a1:CodeExpressionStatement>
<a1:CodeExpressionStatement id="ref-10" xmlns:a1="http://schemas.microsoft.com/clr/nsassem/System.CodeDom/System%2C%20Version%3D4.0.0.0%2C%20Culture%3Dneutral%2C%20PublicKeyToken%3Db77a5c561934e089">
<expression href="#ref-40"/>
<CodeStatement_x002B_linePragma xsi:null="1"/>
<CodeStatement_x002B_startDirectives href="#ref-41"/>
<CodeStatement_x002B_endDirectives href="#ref-42"/>
<CodeObject_x002B_userData href="#ref-43"/>
</a1:CodeExpressionStatement>
<a1:CodeCommentStatement id="ref-11" xmlns:a1="http://schemas.microsoft.com/clr/nsassem/System.CodeDom/System%2C%20Version%3D4.0.0.0%2C%20Culture%3Dneutral%2C%20PublicKeyToken%3Db77a5c561934e089">
<comment href="#ref-44"/>
<CodeStatement_x002B_linePragma xsi:null="1"/>
<CodeStatement_x002B_startDirectives href="#ref-45"/>
<CodeStatement_x002B_endDirectives href="#ref-46"/>
<CodeObject_x002B_userData href="#ref-47"/>
</a1:CodeCommentStatement>
<a1:CodeCommentStatement id="ref-12" xmlns:a1="http://schemas.microsoft.com/clr/nsassem/System.CodeDom/System%2C%20Version%3D4.0.0.0%2C%20Culture%3Dneutral%2C%20PublicKeyToken%3Db77a5c561934e089">
<comment href="#ref-48"/>
<CodeStatement_x002B_linePragma xsi:null="1"/>
<CodeStatement_x002B_startDirectives href="#ref-49"/>
<CodeStatement_x002B_endDirectives href="#ref-50"/>
<CodeObject_x002B_userData href="#ref-51"/>
</a1:CodeCommentStatement>
<a1:CodeCommentStatement id="ref-13" xmlns:a1="http://schemas.microsoft.com/clr/nsassem/System.CodeDom/System%2C%20Version%3D4.0.0.0%2C%20Culture%3Dneutral%2C%20PublicKeyToken%3Db77a5c561934e089">
<comment href="#ref-52"/>
<CodeStatement_x002B_linePragma xsi:null="1"/>
<CodeStatement_x002B_startDirectives href="#ref-53"/>
<CodeStatement_x002B_endDirectives href="#ref-54"/>
<CodeObject_x002B_userData href="#ref-55"/>
</a1:CodeCommentStatement>
<a1:CodeExpressionStatement id="ref-14" xmlns:a1="http://schemas.microsoft.com/clr/nsassem/System.CodeDom/System%2C%20Version%3D4.0.0.0%2C%20Culture%3Dneutral%2C%20PublicKeyToken%3Db77a5c561934e089">
<expression href="#ref-56"/>
<CodeStatement_x002B_linePragma xsi:null="1"/>
<CodeStatement_x002B_startDirectives href="#ref-57"/>
<CodeStatement_x002B_endDirectives href="#ref-58"/>
<CodeObject_x002B_userData href="#ref-59"/>
</a1:CodeExpressionStatement>
<a1:CodeExpressionStatement id="ref-15" xmlns:a1="http://schemas.microsoft.com/clr/nsassem/System.CodeDom/System%2C%20Version%3D4.0.0.0%2C%20Culture%3Dneutral%2C%20PublicKeyToken%3Db77a5c561934e089">
<expression href="#ref-60"/>
<CodeStatement_x002B_linePragma xsi:null="1"/>
<CodeStatement_x002B_startDirectives href="#ref-61"/>
<CodeStatement_x002B_endDirectives href="#ref-62"/>
<CodeObject_x002B_userData href="#ref-63"/>
</a1:CodeExpressionStatement>
<a1:CodeExpressionStatement id="ref-16" xmlns:a1="http://schemas.microsoft.com/clr/nsassem/System.CodeDom/System%2C%20Version%3D4.0.0.0%2C%20Culture%3Dneutral%2C%20PublicKeyToken%3Db77a5c561934e089">
<expression href="#ref-64"/>
<CodeStatement_x002B_linePragma xsi:null="1"/>
<CodeStatement_x002B_startDirectives href="#ref-65"/>
<CodeStatement_x002B_endDirectives href="#ref-66"/>
<CodeObject_x002B_userData href="#ref-67"/>
</a1:CodeExpressionStatement>
<a1:CodeExpressionStatement id="ref-17" xmlns:a1="http://schemas.microsoft.com/clr/nsassem/System.CodeDom/System%2C%20Version%3D4.0.0.0%2C%20Culture%3Dneutral%2C%20PublicKeyToken%3Db77a5c561934e089">
<expression href="#ref-68"/>
<CodeStatement_x002B_linePragma xsi:null="1"/>
<CodeStatement_x002B_startDirectives href="#ref-69"/>
<CodeStatement_x002B_endDirectives href="#ref-70"/>
<CodeObject_x002B_userData href="#ref-71"/>
</a1:CodeExpressionStatement>
<a1:CodeExpressionStatement id="ref-18" xmlns:a1="http://schemas.microsoft.com/clr/nsassem/System.CodeDom/System%2C%20Version%3D4.0.0.0%2C%20Culture%3Dneutral%2C%20PublicKeyToken%3Db77a5c561934e089">
<expression href="#ref-72"/>
<CodeStatement_x002B_linePragma xsi:null="1"/>
<CodeStatement_x002B_startDirectives href="#ref-73"/>
<CodeStatement_x002B_endDirectives href="#ref-74"/>
<CodeObject_x002B_userData href="#ref-75"/>
</a1:CodeExpressionStatement>
<a1:CodeExpressionStatement id="ref-19" xmlns:a1="http://schemas.microsoft.com/clr/nsassem/System.CodeDom/System%2C%20Version%3D4.0.0.0%2C%20Culture%3Dneutral%2C%20PublicKeyToken%3Db77a5c561934e089">
<expression href="#ref-76"/>
<CodeStatement_x002B_linePragma xsi:null="1"/>
<CodeStatement_x002B_startDirectives href="#ref-77"/>
<CodeStatement_x002B_endDirectives href="#ref-78"/>
<CodeObject_x002B_userData href="#ref-79"/>
</a1:CodeExpressionStatement>
<a1:CodeMethodInvokeExpression id="ref-20" xmlns:a1="http://schemas.microsoft.com/clr/nsassem/System.CodeDom/System%2C%20Version%3D4.0.0.0%2C%20Culture%3Dneutral%2C%20PublicKeyToken%3Db77a5c561934e089">
<method href="#ref-80"/>
<parameters href="#ref-81"/>
<CodeObject_x002B_userData href="#ref-82"/>
</a1:CodeMethodInvokeExpression>
<a1:CodeDirectiveCollection id="ref-21" xmlns:a1="http://schemas.microsoft.com/clr/nsassem/System.CodeDom/System%2C%20Version%3D4.0.0.0%2C%20Culture%3Dneutral%2C%20PublicKeyToken%3Db77a5c561934e089">
<CollectionBase_x002B_list href="#ref-83"/>
</a1:CodeDirectiveCollection>
<a1:CodeDirectiveCollection id="ref-22" xmlns:a1="http://schemas.microsoft.com/clr/nsassem/System.CodeDom/System%2C%20Version%3D4.0.0.0%2C%20Culture%3Dneutral%2C%20PublicKeyToken%3Db77a5c561934e089">
<CollectionBase_x002B_list href="#ref-84"/>
</a1:CodeDirectiveCollection>
<a4:ListDictionary id="ref-23" xmlns:a4="http://schemas.microsoft.com/clr/nsassem/System.Collections.Specialized/System%2C%20Version%3D4.0.0.0%2C%20Culture%3Dneutral%2C%20PublicKeyToken%3Db77a5c561934e089">
<head xsi:null="1"/>
<version>2</version>
<count>0</count>
<comparer xsi:null="1"/>
</a4:ListDictionary>
<a1:CodeMethodInvokeExpression id="ref-24" xmlns:a1="http://schemas.microsoft.com/clr/nsassem/System.CodeDom/System%2C%20Version%3D4.0.0.0%2C%20Culture%3Dneutral%2C%20PublicKeyToken%3Db77a5c561934e089">
<method href="#ref-85"/>
<parameters href="#ref-86"/>
<CodeObject_x002B_userData href="#ref-87"/>
</a1:CodeMethodInvokeExpression>
<a1:CodeDirectiveCollection id="ref-25" xmlns:a1="http://schemas.microsoft.com/clr/nsassem/System.CodeDom/System%2C%20Version%3D4.0.0.0%2C%20Culture%3Dneutral%2C%20PublicKeyToken%3Db77a5c561934e089">
<CollectionBase_x002B_list href="#ref-88"/>
</a1:CodeDirectiveCollection>
<a1:CodeDirectiveCollection id="ref-26" xmlns:a1="http://schemas.microsoft.com/clr/nsassem/System.CodeDom/System%2C%20Version%3D4.0.0.0%2C%20Culture%3Dneutral%2C%20PublicKeyToken%3Db77a5c561934e089">
<CollectionBase_x002B_list href="#ref-89"/>
</a1:CodeDirectiveCollection>
<a4:ListDictionary id="ref-27" xmlns:a4="http://schemas.microsoft.com/clr/nsassem/System.Collections.Specialized/System%2C%20Version%3D4.0.0.0%2C%20Culture%3Dneutral%2C%20PublicKeyToken%3Db77a5c561934e089">
<head xsi:null="1"/>
<version>2</version>
<count>0</count>
<comparer xsi:null="1"/>
</a4:ListDictionary>
<a1:CodeMethodInvokeExpression id="ref-28" xmlns:a1="http://schemas.microsoft.com/clr/nsassem/System.CodeDom/System%2C%20Version%3D4.0.0.0%2C%20Culture%3Dneutral%2C%20PublicKeyToken%3Db77a5c561934e089">
<method href="#ref-90"/>
<parameters href="#ref-91"/>
<CodeObject_x002B_userData href="#ref-92"/>
</a1:CodeMethodInvokeExpression>
<a1:CodeDirectiveCollection id="ref-29" xmlns:a1="http://schemas.microsoft.com/clr/nsassem/System.CodeDom/System%2C%20Version%3D4.0.0.0%2C%20Culture%3Dneutral%2C%20PublicKeyToken%3Db77a5c561934e089">
<CollectionBase_x002B_list href="#ref-93"/>
</a1:CodeDirectiveCollection>
<a1:CodeDirectiveCollection id="ref-30" xmlns:a1="http://schemas.microsoft.com/clr/nsassem/System.CodeDom/System%2C%20Version%3D4.0.0.0%2C%20Culture%3Dneutral%2C%20PublicKeyToken%3Db77a5c561934e089">
<CollectionBase_x002B_list href="#ref-94"/>
</a1:CodeDirectiveCollection>
<a4:ListDictionary id="ref-31" xmlns:a4="http://schemas.microsoft.com/clr/nsassem/System.Collections.Specialized/System%2C%20Version%3D4.0.0.0%2C%20Culture%3Dneutral%2C%20PublicKeyToken%3Db77a5c561934e089">
<head xsi:null="1"/>
<version>2</version>
<count>0</count>
<comparer xsi:null="1"/>
</a4:ListDictionary>
<a1:CodeMethodInvokeExpression id="ref-32" xmlns:a1="http://schemas.microsoft.com/clr/nsassem/System.CodeDom/System%2C%20Version%3D4.0.0.0%2C%20Culture%3Dneutral%2C%20PublicKeyToken%3Db77a5c561934e089">
<method href="#ref-95"/>
<parameters href="#ref-96"/>
<CodeObject_x002B_userData href="#ref-97"/>
</a1:CodeMethodInvokeExpression>
<a1:CodeDirectiveCollection id="ref-33" xmlns:a1="http://schemas.microsoft.com/clr/nsassem/System.CodeDom/System%2C%20Version%3D4.0.0.0%2C%20Culture%3Dneutral%2C%20PublicKeyToken%3Db77a5c561934e089">
<CollectionBase_x002B_list href="#ref-98"/>
</a1:CodeDirectiveCollection>
<a1:CodeDirectiveCollection id="ref-34" xmlns:a1="http://schemas.microsoft.com/clr/nsassem/System.CodeDom/System%2C%20Version%3D4.0.0.0%2C%20Culture%3Dneutral%2C%20PublicKeyToken%3Db77a5c561934e089">
<CollectionBase_x002B_list href="#ref-99"/>
</a1:CodeDirectiveCollection>
<a4:ListDictionary id="ref-35" xmlns:a4="http://schemas.microsoft.com/clr/nsassem/System.Collections.Specialized/System%2C%20Version%3D4.0.0.0%2C%20Culture%3Dneutral%2C%20PublicKeyToken%3Db77a5c561934e089">
<head xsi:null="1"/>
<version>2</version>
<count>0</count>
<comparer xsi:null="1"/>
</a4:ListDictionary>
<a1:CodeMethodInvokeExpression id="ref-36" xmlns:a1="http://schemas.microsoft.com/clr/nsassem/System.CodeDom/System%2C%20Version%3D4.0.0.0%2C%20Culture%3Dneutral%2C%20PublicKeyToken%3Db77a5c561934e089">
<method href="#ref-100"/>
<parameters href="#ref-101"/>
<CodeObject_x002B_userData href="#ref-102"/>
</a1:CodeMethodInvokeExpression>
<a1:CodeDirectiveCollection id="ref-37" xmlns:a1="http://schemas.microsoft.com/clr/nsassem/System.CodeDom/System%2C%20Version%3D4.0.0.0%2C%20Culture%3Dneutral%2C%20PublicKeyToken%3Db77a5c561934e089">
<CollectionBase_x002B_list href="#ref-103"/>
</a1:CodeDirectiveCollection>
<a1:CodeDirectiveCollection id="ref-38" xmlns:a1="http://schemas.microsoft.com/clr/nsassem/System.CodeDom/System%2C%20Version%3D4.0.0.0%2C%20Culture%3Dneutral%2C%20PublicKeyToken%3Db77a5c561934e089">
<CollectionBase_x002B_list href="#ref-104"/>
</a1:CodeDirectiveCollection>
<a4:ListDictionary id="ref-39" xmlns:a4="http://schemas.microsoft.com/clr/nsassem/System.Collections.Specialized/System%2C%20Version%3D4.0.0.0%2C%20Culture%3Dneutral%2C%20PublicKeyToken%3Db77a5c561934e089">
<head xsi:null="1"/>
<version>2</version>
<count>0</count>
<comparer xsi:null="1"/>
</a4:ListDictionary>
<a1:CodeMethodInvokeExpression id="ref-40" xmlns:a1="http://schemas.microsoft.com/clr/nsassem/System.CodeDom/System%2C%20Version%3D4.0.0.0%2C%20Culture%3Dneutral%2C%20PublicKeyToken%3Db77a5c561934e089">
<method href="#ref-105"/>
<parameters href="#ref-106"/>
<CodeObject_x002B_userData href="#ref-107"/>
</a1:CodeMethodInvokeExpression>
<a1:CodeDirectiveCollection id="ref-41" xmlns:a1="http://schemas.microsoft.com/clr/nsassem/System.CodeDom/System%2C%20Version%3D4.0.0.0%2C%20Culture%3Dneutral%2C%20PublicKeyToken%3Db77a5c561934e089">
<CollectionBase_x002B_list href="#ref-108"/>
</a1:CodeDirectiveCollection>
<a1:CodeDirectiveCollection id="ref-42" xmlns:a1="http://schemas.microsoft.com/clr/nsassem/System.CodeDom/System%2C%20Version%3D4.0.0.0%2C%20Culture%3Dneutral%2C%20PublicKeyToken%3Db77a5c561934e089">
<CollectionBase_x002B_list href="#ref-109"/>
</a1:CodeDirectiveCollection>
<a4:ListDictionary id="ref-43" xmlns:a4="http://schemas.microsoft.com/clr/nsassem/System.Collections.Specialized/System%2C%20Version%3D4.0.0.0%2C%20Culture%3Dneutral%2C%20PublicKeyToken%3Db77a5c561934e089">
<head xsi:null="1"/>
<version>2</version>
<count>0</count>
<comparer xsi:null="1"/>
</a4:ListDictionary>
<a1:CodeComment id="ref-44" xmlns:a1="http://schemas.microsoft.com/clr/nsassem/System.CodeDom/System%2C%20Version%3D4.0.0.0%2C%20Culture%3Dneutral%2C%20PublicKeyToken%3Db77a5c561934e089">
<text id="ref-110"></text>
<docComment>false</docComment>
<CodeObject_x002B_userData href="#ref-111"/>
</a1:CodeComment>
<a1:CodeDirectiveCollection id="ref-45" xmlns:a1="http://schemas.microsoft.com/clr/nsassem/System.CodeDom/System%2C%20Version%3D4.0.0.0%2C%20Culture%3Dneutral%2C%20PublicKeyToken%3Db77a5c561934e089">
<CollectionBase_x002B_list href="#ref-112"/>
</a1:CodeDirectiveCollection>
<a1:CodeDirectiveCollection id="ref-46" xmlns:a1="http://schemas.microsoft.com/clr/nsassem/System.CodeDom/System%2C%20Version%3D4.0.0.0%2C%20Culture%3Dneutral%2C%20PublicKeyToken%3Db77a5c561934e089">
<CollectionBase_x002B_list href="#ref-113"/>
</a1:CodeDirectiveCollection>
<a4:ListDictionary id="ref-47" xmlns:a4="http://schemas.microsoft.com/clr/nsassem/System.Collections.Specialized/System%2C%20Version%3D4.0.0.0%2C%20Culture%3Dneutral%2C%20PublicKeyToken%3Db77a5c561934e089">
<head xsi:null="1"/>
<version>0</version>
<count>0</count>
<comparer xsi:null="1"/>
</a4:ListDictionary>
<a1:CodeComment id="ref-48" xmlns:a1="http://schemas.microsoft.com/clr/nsassem/System.CodeDom/System%2C%20Version%3D4.0.0.0%2C%20Culture%3Dneutral%2C%20PublicKeyToken%3Db77a5c561934e089">
<text id="ref-114">Sheet2</text>
<docComment>false</docComment>
<CodeObject_x002B_userData href="#ref-115"/>
</a1:CodeComment>
<a1:CodeDirectiveCollection id="ref-49" xmlns:a1="http://schemas.microsoft.com/clr/nsassem/System.CodeDom/System%2C%20Version%3D4.0.0.0%2C%20Culture%3Dneutral%2C%20PublicKeyToken%3Db77a5c561934e089">
<CollectionBase_x002B_list href="#ref-116"/>
</a1:CodeDirectiveCollection>
<a1:CodeDirectiveCollection id="ref-50" xmlns:a1="http://schemas.microsoft.com/clr/nsassem/System.CodeDom/System%2C%20Version%3D4.0.0.0%2C%20Culture%3Dneutral%2C%20PublicKeyToken%3Db77a5c561934e089">
<CollectionBase_x002B_list href="#ref-117"/>
</a1:CodeDirectiveCollection>
<a4:ListDictionary id="ref-51" xmlns:a4="http://schemas.microsoft.com/clr/nsassem/System.Collections.Specialized/System%2C%20Version%3D4.0.0.0%2C%20Culture%3Dneutral%2C%20PublicKeyToken%3Db77a5c561934e089">
<head xsi:null="1"/>
<version>0</version>
<count>0</count>
<comparer xsi:null="1"/>
</a4:ListDictionary>
<a1:CodeComment id="ref-52" xmlns:a1="http://schemas.microsoft.com/clr/nsassem/System.CodeDom/System%2C%20Version%3D4.0.0.0%2C%20Culture%3Dneutral%2C%20PublicKeyToken%3Db77a5c561934e089">
<text href="#ref-110"/>
<docComment>false</docComment>
<CodeObject_x002B_userData href="#ref-118"/>
</a1:CodeComment>
<a1:CodeDirectiveCollection id="ref-53" xmlns:a1="http://schemas.microsoft.com/clr/nsassem/System.CodeDom/System%2C%20Version%3D4.0.0.0%2C%20Culture%3Dneutral%2C%20PublicKeyToken%3Db77a5c561934e089">
<CollectionBase_x002B_list href="#ref-119"/>
</a1:CodeDirectiveCollection>
<a1:CodeDirectiveCollection id="ref-54" xmlns:a1="http://schemas.microsoft.com/clr/nsassem/System.CodeDom/System%2C%20Version%3D4.0.0.0%2C%20Culture%3Dneutral%2C%20PublicKeyToken%3Db77a5c561934e089">
<CollectionBase_x002B_list href="#ref-120"/>
</a1:CodeDirectiveCollection>
<a4:ListDictionary id="ref-55" xmlns:a4="http://schemas.microsoft.com/clr/nsassem/System.Collections.Specialized/System%2C%20Version%3D4.0.0.0%2C%20Culture%3Dneutral%2C%20PublicKeyToken%3Db77a5c561934e089">
<head xsi:null="1"/>
<version>0</version>
<count>0</count>
<comparer xsi:null="1"/>
</a4:ListDictionary>
<a1:CodeMethodInvokeExpression id="ref-56" xmlns:a1="http://schemas.microsoft.com/clr/nsassem/System.CodeDom/System%2C%20Version%3D4.0.0.0%2C%20Culture%3Dneutral%2C%20PublicKeyToken%3Db77a5c561934e089">
<method href="#ref-121"/>
<parameters href="#ref-122"/>
<CodeObject_x002B_userData href="#ref-123"/>
</a1:CodeMethodInvokeExpression>
<a1:CodeDirectiveCollection id="ref-57" xmlns:a1="http://schemas.microsoft.com/clr/nsassem/System.CodeDom/System%2C%20Version%3D4.0.0.0%2C%20Culture%3Dneutral%2C%20PublicKeyToken%3Db77a5c561934e089">
<CollectionBase_x002B_list href="#ref-124"/>
</a1:CodeDirectiveCollection>
<a1:CodeDirectiveCollection id="ref-58" xmlns:a1="http://schemas.microsoft.com/clr/nsassem/System.CodeDom/System%2C%20Version%3D4.0.0.0%2C%20Culture%3Dneutral%2C%20PublicKeyToken%3Db77a5c561934e089">
<CollectionBase_x002B_list href="#ref-125"/>
</a1:CodeDirectiveCollection>
<a4:ListDictionary id="ref-59" xmlns:a4="http://schemas.microsoft.com/clr/nsassem/System.Collections.Specialized/System%2C%20Version%3D4.0.0.0%2C%20Culture%3Dneutral%2C%20PublicKeyToken%3Db77a5c561934e089">
<head xsi:null="1"/>
<version>2</version>
<count>0</count>
<comparer xsi:null="1"/>
</a4:ListDictionary>
<a1:CodeMethodInvokeExpression id="ref-60" xmlns:a1="http://schemas.microsoft.com/clr/nsassem/System.CodeDom/System%2C%20Version%3D4.0.0.0%2C%20Culture%3Dneutral%2C%20PublicKeyToken%3Db77a5c561934e089">
<method href="#ref-126"/>
<parameters href="#ref-127"/>
<CodeObject_x002B_userData href="#ref-128"/>
</a1:CodeMethodInvokeExpression>
<a1:CodeDirectiveCollection id="ref-61" xmlns:a1="http://schemas.microsoft.com/clr/nsassem/System.CodeDom/System%2C%20Version%3D4.0.0.0%2C%20Culture%3Dneutral%2C%20PublicKeyToken%3Db77a5c561934e089">
<CollectionBase_x002B_list href="#ref-129"/>
</a1:CodeDirectiveCollection>
<a1:CodeDirectiveCollection id="ref-62" xmlns:a1="http://schemas.microsoft.com/clr/nsassem/System.CodeDom/System%2C%20Version%3D4.0.0.0%2C%20Culture%3Dneutral%2C%20PublicKeyToken%3Db77a5c561934e089">
<CollectionBase_x002B_list href="#ref-130"/>
</a1:CodeDirectiveCollection>
<a4:ListDictionary id="ref-63" xmlns:a4="http://schemas.microsoft.com/clr/nsassem/System.Collections.Specialized/System%2C%20Version%3D4.0.0.0%2C%20Culture%3Dneutral%2C%20PublicKeyToken%3Db77a5c561934e089">
<head xsi:null="1"/>
<version>2</version>
<count>0</count>
<comparer xsi:null="1"/>
</a4:ListDictionary>
<a1:CodeMethodInvokeExpression id="ref-64" xmlns:a1="http://schemas.microsoft.com/clr/nsassem/System.CodeDom/System%2C%20Version%3D4.0.0.0%2C%20Culture%3Dneutral%2C%20PublicKeyToken%3Db77a5c561934e089">
<method href="#ref-131"/>
<parameters href="#ref-132"/>
<CodeObject_x002B_userData href="#ref-133"/>
</a1:CodeMethodInvokeExpression>
<a1:CodeDirectiveCollection id="ref-65" xmlns:a1="http://schemas.microsoft.com/clr/nsassem/System.CodeDom/System%2C%20Version%3D4.0.0.0%2C%20Culture%3Dneutral%2C%20PublicKeyToken%3Db77a5c561934e089">
<CollectionBase_x002B_list href="#ref-134"/>
</a1:CodeDirectiveCollection>
<a1:CodeDirectiveCollection id="ref-66" xmlns:a1="http://schemas.microsoft.com/clr/nsassem/System.CodeDom/System%2C%20Version%3D4.0.0.0%2C%20Culture%3Dneutral%2C%20PublicKeyToken%3Db77a5c561934e089">
<CollectionBase_x002B_list href="#ref-135"/>
</a1:CodeDirectiveCollection>
<a4:ListDictionary id="ref-67" xmlns:a4="http://schemas.microsoft.com/clr/nsassem/System.Collections.Specialized/System%2C%20Version%3D4.0.0.0%2C%20Culture%3Dneutral%2C%20PublicKeyToken%3Db77a5c561934e089">
<head xsi:null="1"/>
<version>2</version>
<count>0</count>
<comparer xsi:null="1"/>
</a4:ListDictionary>
<a1:CodeMethodInvokeExpression id="ref-68" xmlns:a1="http://schemas.microsoft.com/clr/nsassem/System.CodeDom/System%2C%20Version%3D4.0.0.0%2C%20Culture%3Dneutral%2C%20PublicKeyToken%3Db77a5c561934e089">
<method href="#ref-136"/>
<parameters href="#ref-137"/>
<CodeObject_x002B_userData href="#ref-138"/>
</a1:CodeMethodInvokeExpression>
<a1:CodeDirectiveCollection id="ref-69" xmlns:a1="http://schemas.microsoft.com/clr/nsassem/System.CodeDom/System%2C%20Version%3D4.0.0.0%2C%20Culture%3Dneutral%2C%20PublicKeyToken%3Db77a5c561934e089">
<CollectionBase_x002B_list href="#ref-139"/>
</a1:CodeDirectiveCollection>
<a1:CodeDirectiveCollection id="ref-70" xmlns:a1="http://schemas.microsoft.com/clr/nsassem/System.CodeDom/System%2C%20Version%3D4.0.0.0%2C%20Culture%3Dneutral%2C%20PublicKeyToken%3Db77a5c561934e089">
<CollectionBase_x002B_list href="#ref-140"/>
</a1:CodeDirectiveCollection>
<a4:ListDictionary id="ref-71" xmlns:a4="http://schemas.microsoft.com/clr/nsassem/System.Collections.Specialized/System%2C%20Version%3D4.0.0.0%2C%20Culture%3Dneutral%2C%20PublicKeyToken%3Db77a5c561934e089">
<head xsi:null="1"/>
<version>2</version>
<count>0</count>
<comparer xsi:null="1"/>
</a4:ListDictionary>
<a1:CodeMethodInvokeExpression id="ref-72" xmlns:a1="http://schemas.microsoft.com/clr/nsassem/System.CodeDom/System%2C%20Version%3D4.0.0.0%2C%20Culture%3Dneutral%2C%20PublicKeyToken%3Db77a5c561934e089">
<method href="#ref-141"/>
<parameters href="#ref-142"/>
<CodeObject_x002B_userData href="#ref-143"/>
</a1:CodeMethodInvokeExpression>
<a1:CodeDirectiveCollection id="ref-73" xmlns:a1="http://schemas.microsoft.com/clr/nsassem/System.CodeDom/System%2C%20Version%3D4.0.0.0%2C%20Culture%3Dneutral%2C%20PublicKeyToken%3Db77a5c561934e089">
<CollectionBase_x002B_list href="#ref-144"/>
</a1:CodeDirectiveCollection>
<a1:CodeDirectiveCollection id="ref-74" xmlns:a1="http://schemas.microsoft.com/clr/nsassem/System.CodeDom/System%2C%20Version%3D4.0.0.0%2C%20Culture%3Dneutral%2C%20PublicKeyToken%3Db77a5c561934e089">
<CollectionBase_x002B_list href="#ref-145"/>
</a1:CodeDirectiveCollection>
<a4:ListDictionary id="ref-75" xmlns:a4="http://schemas.microsoft.com/clr/nsassem/System.Collections.Specialized/System%2C%20Version%3D4.0.0.0%2C%20Culture%3Dneutral%2C%20PublicKeyToken%3Db77a5c561934e089">
<head xsi:null="1"/>
<version>2</version>
<count>0</count>
<comparer xsi:null="1"/>
</a4:ListDictionary>
<a1:CodeMethodInvokeExpression id="ref-76" xmlns:a1="http://schemas.microsoft.com/clr/nsassem/System.CodeDom/System%2C%20Version%3D4.0.0.0%2C%20Culture%3Dneutral%2C%20PublicKeyToken%3Db77a5c561934e089">
<method href="#ref-146"/>
<parameters href="#ref-147"/>
<CodeObject_x002B_userData href="#ref-148"/>
</a1:CodeMethodInvokeExpression>
<a1:CodeDirectiveCollection id="ref-77" xmlns:a1="http://schemas.microsoft.com/clr/nsassem/System.CodeDom/System%2C%20Version%3D4.0.0.0%2C%20Culture%3Dneutral%2C%20PublicKeyToken%3Db77a5c561934e089">
<CollectionBase_x002B_list href="#ref-149"/>
</a1:CodeDirectiveCollection>
<a1:CodeDirectiveCollection id="ref-78" xmlns:a1="http://schemas.microsoft.com/clr/nsassem/System.CodeDom/System%2C%20Version%3D4.0.0.0%2C%20Culture%3Dneutral%2C%20PublicKeyToken%3Db77a5c561934e089">
<CollectionBase_x002B_list href="#ref-150"/>
</a1:CodeDirectiveCollection>
<a4:ListDictionary id="ref-79" xmlns:a4="http://schemas.microsoft.com/clr/nsassem/System.Collections.Specialized/System%2C%20Version%3D4.0.0.0%2C%20Culture%3Dneutral%2C%20PublicKeyToken%3Db77a5c561934e089">
<head xsi:null="1"/>
<version>2</version>
<count>0</count>
<comparer xsi:null="1"/>
</a4:ListDictionary>
<a1:CodeMethodReferenceExpression id="ref-80" xmlns:a1="http://schemas.microsoft.com/clr/nsassem/System.CodeDom/System%2C%20Version%3D4.0.0.0%2C%20Culture%3Dneutral%2C%20PublicKeyToken%3Db77a5c561934e089">
<targetObject href="#ref-151"/>
<methodName id="ref-152">BeginInit</methodName>
<typeArguments href="#ref-153"/>
<CodeObject_x002B_userData href="#ref-154"/>
</a1:CodeMethodReferenceExpression>
<a1:CodeExpressionCollection id="ref-81" xmlns:a1="http://schemas.microsoft.com/clr/nsassem/System.CodeDom/System%2C%20Version%3D4.0.0.0%2C%20Culture%3Dneutral%2C%20PublicKeyToken%3Db77a5c561934e089">
<CollectionBase_x002B_list href="#ref-155"/>
</a1:CodeExpressionCollection>
<a4:ListDictionary id="ref-82" xmlns:a4="http://schemas.microsoft.com/clr/nsassem/System.Collections.Specialized/System%2C%20Version%3D4.0.0.0%2C%20Culture%3Dneutral%2C%20PublicKeyToken%3Db77a5c561934e089">
<head xsi:null="1"/>
<version>0</version>
<count>0</count>
<comparer xsi:null="1"/>
</a4:ListDictionary>
<a2:ArrayList id="ref-83" xmlns:a2="http://schemas.microsoft.com/clr/ns/System.Collections">
<_items href="#ref-156"/>
<_size>0</_size>
<_version>0</_version>
</a2:ArrayList>
<a2:ArrayList id="ref-84" xmlns:a2="http://schemas.microsoft.com/clr/ns/System.Collections">
<_items href="#ref-156"/>
<_size>0</_size>
<_version>0</_version>
</a2:ArrayList>
<a1:CodeMethodReferenceExpression id="ref-85" xmlns:a1="http://schemas.microsoft.com/clr/nsassem/System.CodeDom/System%2C%20Version%3D4.0.0.0%2C%20Culture%3Dneutral%2C%20PublicKeyToken%3Db77a5c561934e089">
<targetObject href="#ref-157"/>
<methodName href="#ref-152"/>
<typeArguments href="#ref-158"/>
<CodeObject_x002B_userData href="#ref-159"/>
</a1:CodeMethodReferenceExpression>
<a1:CodeExpressionCollection id="ref-86" xmlns:a1="http://schemas.microsoft.com/clr/nsassem/System.CodeDom/System%2C%20Version%3D4.0.0.0%2C%20Culture%3Dneutral%2C%20PublicKeyToken%3Db77a5c561934e089">
<CollectionBase_x002B_list href="#ref-160"/>
</a1:CodeExpressionCollection>
<a4:ListDictionary id="ref-87" xmlns:a4="http://schemas.microsoft.com/clr/nsassem/System.Collections.Specialized/System%2C%20Version%3D4.0.0.0%2C%20Culture%3Dneutral%2C%20PublicKeyToken%3Db77a5c561934e089">
<head xsi:null="1"/>
<version>0</version>
<count>0</count>
<comparer xsi:null="1"/>
</a4:ListDictionary>
<a2:ArrayList id="ref-88" xmlns:a2="http://schemas.microsoft.com/clr/ns/System.Collections">
<_items href="#ref-156"/>
<_size>0</_size>
<_version>0</_version>
</a2:ArrayList>
<a2:ArrayList id="ref-89" xmlns:a2="http://schemas.microsoft.com/clr/ns/System.Collections">
<_items href="#ref-156"/>
<_size>0</_size>
<_version>0</_version>
</a2:ArrayList>
<a1:CodeMethodReferenceExpression id="ref-90" xmlns:a1="http://schemas.microsoft.com/clr/nsassem/System.CodeDom/System%2C%20Version%3D4.0.0.0%2C%20Culture%3Dneutral%2C%20PublicKeyToken%3Db77a5c561934e089">
<targetObject href="#ref-161"/>
<methodName href="#ref-152"/>
<typeArguments href="#ref-162"/>
<CodeObject_x002B_userData href="#ref-163"/>
</a1:CodeMethodReferenceExpression>
<a1:CodeExpressionCollection id="ref-91" xmlns:a1="http://schemas.microsoft.com/clr/nsassem/System.CodeDom/System%2C%20Version%3D4.0.0.0%2C%20Culture%3Dneutral%2C%20PublicKeyToken%3Db77a5c561934e089">
<CollectionBase_x002B_list href="#ref-164"/>
</a1:CodeExpressionCollection>
<a4:ListDictionary id="ref-92" xmlns:a4="http://schemas.microsoft.com/clr/nsassem/System.Collections.Specialized/System%2C%20Version%3D4.0.0.0%2C%20Culture%3Dneutral%2C%20PublicKeyToken%3Db77a5c561934e089">
<head xsi:null="1"/>
<version>0</version>
<count>0</count>
<comparer xsi:null="1"/>
</a4:ListDictionary>
<a2:ArrayList id="ref-93" xmlns:a2="http://schemas.microsoft.com/clr/ns/System.Collections">
<_items href="#ref-156"/>
<_size>0</_size>
<_version>0</_version>
</a2:ArrayList>
<a2:ArrayList id="ref-94" xmlns:a2="http://schemas.microsoft.com/clr/ns/System.Collections">
<_items href="#ref-156"/>
<_size>0</_size>
<_version>0</_version>
</a2:ArrayList>
<a1:CodeMethodReferenceExpression id="ref-95" xmlns:a1="http://schemas.microsoft.com/clr/nsassem/System.CodeDom/System%2C%20Version%3D4.0.0.0%2C%20Culture%3Dneutral%2C%20PublicKeyToken%3Db77a5c561934e089">
<targetObject href="#ref-165"/>
<methodName href="#ref-152"/>
<typeArguments href="#ref-166"/>
<CodeObject_x002B_userData href="#ref-167"/>
</a1:CodeMethodReferenceExpression>
<a1:CodeExpressionCollection id="ref-96" xmlns:a1="http://schemas.microsoft.com/clr/nsassem/System.CodeDom/System%2C%20Version%3D4.0.0.0%2C%20Culture%3Dneutral%2C%20PublicKeyToken%3Db77a5c561934e089">
<CollectionBase_x002B_list href="#ref-168"/>
</a1:CodeExpressionCollection>
<a4:ListDictionary id="ref-97" xmlns:a4="http://schemas.microsoft.com/clr/nsassem/System.Collections.Specialized/System%2C%20Version%3D4.0.0.0%2C%20Culture%3Dneutral%2C%20PublicKeyToken%3Db77a5c561934e089">
<head xsi:null="1"/>
<version>0</version>
<count>0</count>
<comparer xsi:null="1"/>
</a4:ListDictionary>
<a2:ArrayList id="ref-98" xmlns:a2="http://schemas.microsoft.com/clr/ns/System.Collections">
<_items href="#ref-156"/>
<_size>0</_size>
<_version>0</_version>
</a2:ArrayList>
<a2:ArrayList id="ref-99" xmlns:a2="http://schemas.microsoft.com/clr/ns/System.Collections">
<_items href="#ref-156"/>
<_size>0</_size>
<_version>0</_version>
</a2:ArrayList>
<a1:CodeMethodReferenceExpression id="ref-100" xmlns:a1="http://schemas.microsoft.com/clr/nsassem/System.CodeDom/System%2C%20Version%3D4.0.0.0%2C%20Culture%3Dneutral%2C%20PublicKeyToken%3Db77a5c561934e089">
<targetObject href="#ref-169"/>
<methodName href="#ref-152"/>
<typeArguments href="#ref-170"/>
<CodeObject_x002B_userData href="#ref-171"/>
</a1:CodeMethodReferenceExpression>
<a1:CodeExpressionCollection id="ref-101" xmlns:a1="http://schemas.microsoft.com/clr/nsassem/System.CodeDom/System%2C%20Version%3D4.0.0.0%2C%20Culture%3Dneutral%2C%20PublicKeyToken%3Db77a5c561934e089">
<CollectionBase_x002B_list href="#ref-172"/>
</a1:CodeExpressionCollection>
<a4:ListDictionary id="ref-102" xmlns:a4="http://schemas.microsoft.com/clr/nsassem/System.Collections.Specialized/System%2C%20Version%3D4.0.0.0%2C%20Culture%3Dneutral%2C%20PublicKeyToken%3Db77a5c561934e089">
<head xsi:null="1"/>
<version>0</version>
<count>0</count>
<comparer xsi:null="1"/>
</a4:ListDictionary>
<a2:ArrayList id="ref-103" xmlns:a2="http://schemas.microsoft.com/clr/ns/System.Collections">
<_items href="#ref-156"/>
<_size>0</_size>
<_version>0</_version>
</a2:ArrayList>
<a2:ArrayList id="ref-104" xmlns:a2="http://schemas.microsoft.com/clr/ns/System.Collections">
<_items href="#ref-156"/>
<_size>0</_size>
<_version>0</_version>
</a2:ArrayList>
<a1:CodeMethodReferenceExpression id="ref-105" xmlns:a1="http://schemas.microsoft.com/clr/nsassem/System.CodeDom/System%2C%20Version%3D4.0.0.0%2C%20Culture%3Dneutral%2C%20PublicKeyToken%3Db77a5c561934e089">
<targetObject href="#ref-173"/>
<methodName href="#ref-152"/>
<typeArguments href="#ref-174"/>
<CodeObject_x002B_userData href="#ref-175"/>
</a1:CodeMethodReferenceExpression>
<a1:CodeExpressionCollection id="ref-106" xmlns:a1="http://schemas.microsoft.com/clr/nsassem/System.CodeDom/System%2C%20Version%3D4.0.0.0%2C%20Culture%3Dneutral%2C%20PublicKeyToken%3Db77a5c561934e089">
<CollectionBase_x002B_list href="#ref-176"/>
</a1:CodeExpressionCollection>
<a4:ListDictionary id="ref-107" xmlns:a4="http://schemas.microsoft.com/clr/nsassem/System.Collections.Specialized/System%2C%20Version%3D4.0.0.0%2C%20Culture%3Dneutral%2C%20PublicKeyToken%3Db77a5c561934e089">
<head xsi:null="1"/>
<version>0</version>
<count>0</count>
<comparer xsi:null="1"/>
</a4:ListDictionary>
<a2:ArrayList id="ref-108" xmlns:a2="http://schemas.microsoft.com/clr/ns/System.Collections">
<_items href="#ref-156"/>
<_size>0</_size>
<_version>0</_version>
</a2:ArrayList>
<a2:ArrayList id="ref-109" xmlns:a2="http://schemas.microsoft.com/clr/ns/System.Collections">
<_items href="#ref-156"/>
<_size>0</_size>
<_version>0</_version>
</a2:ArrayList>
<a4:ListDictionary id="ref-111" xmlns:a4="http://schemas.microsoft.com/clr/nsassem/System.Collections.Specialized/System%2C%20Version%3D4.0.0.0%2C%20Culture%3Dneutral%2C%20PublicKeyToken%3Db77a5c561934e089">
<head xsi:null="1"/>
<version>0</version>
<count>0</count>
<comparer xsi:null="1"/>
</a4:ListDictionary>
<a2:ArrayList id="ref-112" xmlns:a2="http://schemas.microsoft.com/clr/ns/System.Collections">
<_items href="#ref-156"/>
<_size>0</_size>
<_version>0</_version>
</a2:ArrayList>
<a2:ArrayList id="ref-113" xmlns:a2="http://schemas.microsoft.com/clr/ns/System.Collections">
<_items href="#ref-156"/>
<_size>0</_size>
<_version>0</_version>
</a2:ArrayList>
<a4:ListDictionary id="ref-115" xmlns:a4="http://schemas.microsoft.com/clr/nsassem/System.Collections.Specialized/System%2C%20Version%3D4.0.0.0%2C%20Culture%3Dneutral%2C%20PublicKeyToken%3Db77a5c561934e089">
<head xsi:null="1"/>
<version>0</version>
<count>0</count>
<comparer xsi:null="1"/>
</a4:ListDictionary>
<a2:ArrayList id="ref-116" xmlns:a2="http://schemas.microsoft.com/clr/ns/System.Collections">
<_items href="#ref-156"/>
<_size>0</_size>
<_version>0</_version>
</a2:ArrayList>
<a2:ArrayList id="ref-117" xmlns:a2="http://schemas.microsoft.com/clr/ns/System.Collections">
<_items href="#ref-156"/>
<_size>0</_size>
<_version>0</_version>
</a2:ArrayList>
<a4:ListDictionary id="ref-118" xmlns:a4="http://schemas.microsoft.com/clr/nsassem/System.Collections.Specialized/System%2C%20Version%3D4.0.0.0%2C%20Culture%3Dneutral%2C%20PublicKeyToken%3Db77a5c561934e089">
<head xsi:null="1"/>
<version>0</version>
<count>0</count>
<comparer xsi:null="1"/>
</a4:ListDictionary>
<a2:ArrayList id="ref-119" xmlns:a2="http://schemas.microsoft.com/clr/ns/System.Collections">
<_items href="#ref-156"/>
<_size>0</_size>
<_version>0</_version>
</a2:ArrayList>
<a2:ArrayList id="ref-120" xmlns:a2="http://schemas.microsoft.com/clr/ns/System.Collections">
<_items href="#ref-156"/>
<_size>0</_size>
<_version>0</_version>
</a2:ArrayList>
<a1:CodeMethodReferenceExpression id="ref-121" xmlns:a1="http://schemas.microsoft.com/clr/nsassem/System.CodeDom/System%2C%20Version%3D4.0.0.0%2C%20Culture%3Dneutral%2C%20PublicKeyToken%3Db77a5c561934e089">
<targetObject href="#ref-177"/>
<methodName id="ref-178">EndInit</methodName>
<typeArguments href="#ref-179"/>
<CodeObject_x002B_userData href="#ref-180"/>
</a1:CodeMethodReferenceExpression>
<a1:CodeExpressionCollection id="ref-122" xmlns:a1="http://schemas.microsoft.com/clr/nsassem/System.CodeDom/System%2C%20Version%3D4.0.0.0%2C%20Culture%3Dneutral%2C%20PublicKeyToken%3Db77a5c561934e089">
<CollectionBase_x002B_list href="#ref-181"/>
</a1:CodeExpressionCollection>
<a4:ListDictionary id="ref-123" xmlns:a4="http://schemas.microsoft.com/clr/nsassem/System.Collections.Specialized/System%2C%20Version%3D4.0.0.0%2C%20Culture%3Dneutral%2C%20PublicKeyToken%3Db77a5c561934e089">
<head xsi:null="1"/>
<version>0</version>
<count>0</count>
<comparer xsi:null="1"/>
</a4:ListDictionary>
<a2:ArrayList id="ref-124" xmlns:a2="http://schemas.microsoft.com/clr/ns/System.Collections">
<_items href="#ref-156"/>
<_size>0</_size>
<_version>0</_version>
</a2:ArrayList>
<a2:ArrayList id="ref-125" xmlns:a2="http://schemas.microsoft.com/clr/ns/System.Collections">
<_items href="#ref-156"/>
<_size>0</_size>
<_version>0</_version>
</a2:ArrayList>
<a1:CodeMethodReferenceExpression id="ref-126" xmlns:a1="http://schemas.microsoft.com/clr/nsassem/System.CodeDom/System%2C%20Version%3D4.0.0.0%2C%20Culture%3Dneutral%2C%20PublicKeyToken%3Db77a5c561934e089">
<targetObject href="#ref-182"/>
<methodName href="#ref-178"/>
<typeArguments href="#ref-183"/>
<CodeObject_x002B_userData href="#ref-184"/>
</a1:CodeMethodReferenceExpression>
<a1:CodeExpressionCollection id="ref-127" xmlns:a1="http://schemas.microsoft.com/clr/nsassem/System.CodeDom/System%2C%20Version%3D4.0.0.0%2C%20Culture%3Dneutral%2C%20PublicKeyToken%3Db77a5c561934e089">
<CollectionBase_x002B_list href="#ref-185"/>
</a1:CodeExpressionCollection>
<a4:ListDictionary id="ref-128" xmlns:a4="http://schemas.microsoft.com/clr/nsassem/System.Collections.Specialized/System%2C%20Version%3D4.0.0.0%2C%20Culture%3Dneutral%2C%20PublicKeyToken%3Db77a5c561934e089">
<head xsi:null="1"/>
<version>0</version>
<count>0</count>
<comparer xsi:null="1"/>
</a4:ListDictionary>
<a2:ArrayList id="ref-129" xmlns:a2="http://schemas.microsoft.com/clr/ns/System.Collections">
<_items href="#ref-156"/>
<_size>0</_size>
<_version>0</_version>
</a2:ArrayList>
<a2:ArrayList id="ref-130" xmlns:a2="http://schemas.microsoft.com/clr/ns/System.Collections">
<_items href="#ref-156"/>
<_size>0</_size>
<_version>0</_version>
</a2:ArrayList>
<a1:CodeMethodReferenceExpression id="ref-131" xmlns:a1="http://schemas.microsoft.com/clr/nsassem/System.CodeDom/System%2C%20Version%3D4.0.0.0%2C%20Culture%3Dneutral%2C%20PublicKeyToken%3Db77a5c561934e089">
<targetObject href="#ref-186"/>
<methodName href="#ref-178"/>
<typeArguments href="#ref-187"/>
<CodeObject_x002B_userData href="#ref-188"/>
</a1:CodeMethodReferenceExpression>
<a1:CodeExpressionCollection id="ref-132" xmlns:a1="http://schemas.microsoft.com/clr/nsassem/System.CodeDom/System%2C%20Version%3D4.0.0.0%2C%20Culture%3Dneutral%2C%20PublicKeyToken%3Db77a5c561934e089">
<CollectionBase_x002B_list href="#ref-189"/>
</a1:CodeExpressionCollection>
<a4:ListDictionary id="ref-133" xmlns:a4="http://schemas.microsoft.com/clr/nsassem/System.Collections.Specialized/System%2C%20Version%3D4.0.0.0%2C%20Culture%3Dneutral%2C%20PublicKeyToken%3Db77a5c561934e089">
<head xsi:null="1"/>
<version>0</version>
<count>0</count>
<comparer xsi:null="1"/>
</a4:ListDictionary>
<a2:ArrayList id="ref-134" xmlns:a2="http://schemas.microsoft.com/clr/ns/System.Collections">
<_items href="#ref-156"/>
<_size>0</_size>
<_version>0</_version>
</a2:ArrayList>
<a2:ArrayList id="ref-135" xmlns:a2="http://schemas.microsoft.com/clr/ns/System.Collections">
<_items href="#ref-156"/>
<_size>0</_size>
<_version>0</_version>
</a2:ArrayList>
<a1:CodeMethodReferenceExpression id="ref-136" xmlns:a1="http://schemas.microsoft.com/clr/nsassem/System.CodeDom/System%2C%20Version%3D4.0.0.0%2C%20Culture%3Dneutral%2C%20PublicKeyToken%3Db77a5c561934e089">
<targetObject href="#ref-190"/>
<methodName href="#ref-178"/>
<typeArguments href="#ref-191"/>
<CodeObject_x002B_userData href="#ref-192"/>
</a1:CodeMethodReferenceExpression>
<a1:CodeExpressionCollection id="ref-137" xmlns:a1="http://schemas.microsoft.com/clr/nsassem/System.CodeDom/System%2C%20Version%3D4.0.0.0%2C%20Culture%3Dneutral%2C%20PublicKeyToken%3Db77a5c561934e089">
<CollectionBase_x002B_list href="#ref-193"/>
</a1:CodeExpressionCollection>
<a4:ListDictionary id="ref-138" xmlns:a4="http://schemas.microsoft.com/clr/nsassem/System.Collections.Specialized/System%2C%20Version%3D4.0.0.0%2C%20Culture%3Dneutral%2C%20PublicKeyToken%3Db77a5c561934e089">
<head xsi:null="1"/>
<version>0</version>
<count>0</count>
<comparer xsi:null="1"/>
</a4:ListDictionary>
<a2:ArrayList id="ref-139" xmlns:a2="http://schemas.microsoft.com/clr/ns/System.Collections">
<_items href="#ref-156"/>
<_size>0</_size>
<_version>0</_version>
</a2:ArrayList>
<a2:ArrayList id="ref-140" xmlns:a2="http://schemas.microsoft.com/clr/ns/System.Collections">
<_items href="#ref-156"/>
<_size>0</_size>
<_version>0</_version>
</a2:ArrayList>
<a1:CodeMethodReferenceExpression id="ref-141" xmlns:a1="http://schemas.microsoft.com/clr/nsassem/System.CodeDom/System%2C%20Version%3D4.0.0.0%2C%20Culture%3Dneutral%2C%20PublicKeyToken%3Db77a5c561934e089">
<targetObject href="#ref-194"/>
<methodName href="#ref-178"/>
<typeArguments href="#ref-195"/>
<CodeObject_x002B_userData href="#ref-196"/>
</a1:CodeMethodReferenceExpression>
<a1:CodeExpressionCollection id="ref-142" xmlns:a1="http://schemas.microsoft.com/clr/nsassem/System.CodeDom/System%2C%20Version%3D4.0.0.0%2C%20Culture%3Dneutral%2C%20PublicKeyToken%3Db77a5c561934e089">
<CollectionBase_x002B_list href="#ref-197"/>
</a1:CodeExpressionCollection>
<a4:ListDictionary id="ref-143" xmlns:a4="http://schemas.microsoft.com/clr/nsassem/System.Collections.Specialized/System%2C%20Version%3D4.0.0.0%2C%20Culture%3Dneutral%2C%20PublicKeyToken%3Db77a5c561934e089">
<head xsi:null="1"/>
<version>0</version>
<count>0</count>
<comparer xsi:null="1"/>
</a4:ListDictionary>
<a2:ArrayList id="ref-144" xmlns:a2="http://schemas.microsoft.com/clr/ns/System.Collections">
<_items href="#ref-156"/>
<_size>0</_size>
<_version>0</_version>
</a2:ArrayList>
<a2:ArrayList id="ref-145" xmlns:a2="http://schemas.microsoft.com/clr/ns/System.Collections">
<_items href="#ref-156"/>
<_size>0</_size>
<_version>0</_version>
</a2:ArrayList>
<a1:CodeMethodReferenceExpression id="ref-146" xmlns:a1="http://schemas.microsoft.com/clr/nsassem/System.CodeDom/System%2C%20Version%3D4.0.0.0%2C%20Culture%3Dneutral%2C%20PublicKeyToken%3Db77a5c561934e089">
<targetObject href="#ref-198"/>
<methodName href="#ref-178"/>
<typeArguments href="#ref-199"/>
<CodeObject_x002B_userData href="#ref-200"/>
</a1:CodeMethodReferenceExpression>
<a1:CodeExpressionCollection id="ref-147" xmlns:a1="http://schemas.microsoft.com/clr/nsassem/System.CodeDom/System%2C%20Version%3D4.0.0.0%2C%20Culture%3Dneutral%2C%20PublicKeyToken%3Db77a5c561934e089">
<CollectionBase_x002B_list href="#ref-201"/>
</a1:CodeExpressionCollection>
<a4:ListDictionary id="ref-148" xmlns:a4="http://schemas.microsoft.com/clr/nsassem/System.Collections.Specialized/System%2C%20Version%3D4.0.0.0%2C%20Culture%3Dneutral%2C%20PublicKeyToken%3Db77a5c561934e089">
<head xsi:null="1"/>
<version>0</version>
<count>0</count>
<comparer xsi:null="1"/>
</a4:ListDictionary>
<a2:ArrayList id="ref-149" xmlns:a2="http://schemas.microsoft.com/clr/ns/System.Collections">
<_items href="#ref-156"/>
<_size>0</_size>
<_version>0</_version>
</a2:ArrayList>
<a2:ArrayList id="ref-150" xmlns:a2="http://schemas.microsoft.com/clr/ns/System.Collections">
<_items href="#ref-156"/>
<_size>0</_size>
<_version>0</_version>
</a2:ArrayList>
<a1:CodeCastExpression id="ref-151" xmlns:a1="http://schemas.microsoft.com/clr/nsassem/System.CodeDom/System%2C%20Version%3D4.0.0.0%2C%20Culture%3Dneutral%2C%20PublicKeyToken%3Db77a5c561934e089">
<targetType href="#ref-202"/>
<expression href="#ref-203"/>
<CodeObject_x002B_userData href="#ref-204"/>
</a1:CodeCastExpression>
<a1:CodeTypeReferenceCollection id="ref-153" xmlns:a1="http://schemas.microsoft.com/clr/nsassem/System.CodeDom/System%2C%20Version%3D4.0.0.0%2C%20Culture%3Dneutral%2C%20PublicKeyToken%3Db77a5c561934e089">
<CollectionBase_x002B_list href="#ref-205"/>
</a1:CodeTypeReferenceCollection>
<a4:ListDictionary id="ref-154" xmlns:a4="http://schemas.microsoft.com/clr/nsassem/System.Collections.Specialized/System%2C%20Version%3D4.0.0.0%2C%20Culture%3Dneutral%2C%20PublicKeyToken%3Db77a5c561934e089">
<head xsi:null="1"/>
<version>0</version>
<count>0</count>
<comparer xsi:null="1"/>
</a4:ListDictionary>
<a2:ArrayList id="ref-155" xmlns:a2="http://schemas.microsoft.com/clr/ns/System.Collections">
<_items href="#ref-156"/>
<_size>0</_size>
<_version>0</_version>
</a2:ArrayList>
<SOAP-ENC:Array id="ref-156" SOAP-ENC:arrayType="xsd:anyType[0]">
</SOAP-ENC:Array>
<a1:CodeCastExpression id="ref-157" xmlns:a1="http://schemas.microsoft.com/clr/nsassem/System.CodeDom/System%2C%20Version%3D4.0.0.0%2C%20Culture%3Dneutral%2C%20PublicKeyToken%3Db77a5c561934e089">
<targetType href="#ref-206"/>
<expression href="#ref-207"/>
<CodeObject_x002B_userData href="#ref-208"/>
</a1:CodeCastExpression>
<a1:CodeTypeReferenceCollection id="ref-158" xmlns:a1="http://schemas.microsoft.com/clr/nsassem/System.CodeDom/System%2C%20Version%3D4.0.0.0%2C%20Culture%3Dneutral%2C%20PublicKeyToken%3Db77a5c561934e089">
<CollectionBase_x002B_list href="#ref-209"/>
</a1:CodeTypeReferenceCollection>
<a4:ListDictionary id="ref-159" xmlns:a4="http://schemas.microsoft.com/clr/nsassem/System.Collections.Specialized/System%2C%20Version%3D4.0.0.0%2C%20Culture%3Dneutral%2C%20PublicKeyToken%3Db77a5c561934e089">
<head xsi:null="1"/>
<version>0</version>
<count>0</count>
<comparer xsi:null="1"/>
</a4:ListDictionary>
<a2:ArrayList id="ref-160" xmlns:a2="http://schemas.microsoft.com/clr/ns/System.Collections">
<_items href="#ref-156"/>
<_size>0</_size>
<_version>0</_version>
</a2:ArrayList>
<a1:CodeCastExpression id="ref-161" xmlns:a1="http://schemas.microsoft.com/clr/nsassem/System.CodeDom/System%2C%20Version%3D4.0.0.0%2C%20Culture%3Dneutral%2C%20PublicKeyToken%3Db77a5c561934e089">
<targetType href="#ref-210"/>
<expression href="#ref-211"/>
<CodeObject_x002B_userData href="#ref-212"/>
</a1:CodeCastExpression>
<a1:CodeTypeReferenceCollection id="ref-162" xmlns:a1="http://schemas.microsoft.com/clr/nsassem/System.CodeDom/System%2C%20Version%3D4.0.0.0%2C%20Culture%3Dneutral%2C%20PublicKeyToken%3Db77a5c561934e089">
<CollectionBase_x002B_list href="#ref-213"/>
</a1:CodeTypeReferenceCollection>
<a4:ListDictionary id="ref-163" xmlns:a4="http://schemas.microsoft.com/clr/nsassem/System.Collections.Specialized/System%2C%20Version%3D4.0.0.0%2C%20Culture%3Dneutral%2C%20PublicKeyToken%3Db77a5c561934e089">
<head xsi:null="1"/>
<version>0</version>
<count>0</count>
<comparer xsi:null="1"/>
</a4:ListDictionary>
<a2:ArrayList id="ref-164" xmlns:a2="http://schemas.microsoft.com/clr/ns/System.Collections">
<_items href="#ref-156"/>
<_size>0</_size>
<_version>0</_version>
</a2:ArrayList>
<a1:CodeCastExpression id="ref-165" xmlns:a1="http://schemas.microsoft.com/clr/nsassem/System.CodeDom/System%2C%20Version%3D4.0.0.0%2C%20Culture%3Dneutral%2C%20PublicKeyToken%3Db77a5c561934e089">
<targetType href="#ref-214"/>
<expression href="#ref-215"/>
<CodeObject_x002B_userData href="#ref-216"/>
</a1:CodeCastExpression>
<a1:CodeTypeReferenceCollection id="ref-166" xmlns:a1="http://schemas.microsoft.com/clr/nsassem/System.CodeDom/System%2C%20Version%3D4.0.0.0%2C%20Culture%3Dneutral%2C%20PublicKeyToken%3Db77a5c561934e089">
<CollectionBase_x002B_list href="#ref-217"/>
</a1:CodeTypeReferenceCollection>
<a4:ListDictionary id="ref-167" xmlns:a4="http://schemas.microsoft.com/clr/nsassem/System.Collections.Specialized/System%2C%20Version%3D4.0.0.0%2C%20Culture%3Dneutral%2C%20PublicKeyToken%3Db77a5c561934e089">
<head xsi:null="1"/>
<version>0</version>
<count>0</count>
<comparer xsi:null="1"/>
</a4:ListDictionary>
<a2:ArrayList id="ref-168" xmlns:a2="http://schemas.microsoft.com/clr/ns/System.Collections">
<_items href="#ref-156"/>
<_size>0</_size>
<_version>0</_version>
</a2:ArrayList>
<a1:CodeCastExpression id="ref-169" xmlns:a1="http://schemas.microsoft.com/clr/nsassem/System.CodeDom/System%2C%20Version%3D4.0.0.0%2C%20Culture%3Dneutral%2C%20PublicKeyToken%3Db77a5c561934e089">
<targetType href="#ref-218"/>
<expression href="#ref-219"/>
<CodeObject_x002B_userData href="#ref-220"/>
</a1:CodeCastExpression>
<a1:CodeTypeReferenceCollection id="ref-170" xmlns:a1="http://schemas.microsoft.com/clr/nsassem/System.CodeDom/System%2C%20Version%3D4.0.0.0%2C%20Culture%3Dneutral%2C%20PublicKeyToken%3Db77a5c561934e089">
<CollectionBase_x002B_list href="#ref-221"/>
</a1:CodeTypeReferenceCollection>
<a4:ListDictionary id="ref-171" xmlns:a4="http://schemas.microsoft.com/clr/nsassem/System.Collections.Specialized/System%2C%20Version%3D4.0.0.0%2C%20Culture%3Dneutral%2C%20PublicKeyToken%3Db77a5c561934e089">
<head xsi:null="1"/>
<version>0</version>
<count>0</count>
<comparer xsi:null="1"/>
</a4:ListDictionary>
<a2:ArrayList id="ref-172" xmlns:a2="http://schemas.microsoft.com/clr/ns/System.Collections">
<_items href="#ref-156"/>
<_size>0</_size>
<_version>0</_version>
</a2:ArrayList>
<a1:CodeCastExpression id="ref-173" xmlns:a1="http://schemas.microsoft.com/clr/nsassem/System.CodeDom/System%2C%20Version%3D4.0.0.0%2C%20Culture%3Dneutral%2C%20PublicKeyToken%3Db77a5c561934e089">
<targetType href="#ref-222"/>
<expression href="#ref-223"/>
<CodeObject_x002B_userData href="#ref-224"/>
</a1:CodeCastExpression>
<a1:CodeTypeReferenceCollection id="ref-174" xmlns:a1="http://schemas.microsoft.com/clr/nsassem/System.CodeDom/System%2C%20Version%3D4.0.0.0%2C%20Culture%3Dneutral%2C%20PublicKeyToken%3Db77a5c561934e089">
<CollectionBase_x002B_list href="#ref-225"/>
</a1:CodeTypeReferenceCollection>
<a4:ListDictionary id="ref-175" xmlns:a4="http://schemas.microsoft.com/clr/nsassem/System.Collections.Specialized/System%2C%20Version%3D4.0.0.0%2C%20Culture%3Dneutral%2C%20PublicKeyToken%3Db77a5c561934e089">
<head xsi:null="1"/>
<version>0</version>
<count>0</count>
<comparer xsi:null="1"/>
</a4:ListDictionary>
<a2:ArrayList id="ref-176" xmlns:a2="http://schemas.microsoft.com/clr/ns/System.Collections">
<_items href="#ref-156"/>
<_size>0</_size>
<_version>0</_version>
</a2:ArrayList>
<a1:CodeCastExpression id="ref-177" xmlns:a1="http://schemas.microsoft.com/clr/nsassem/System.CodeDom/System%2C%20Version%3D4.0.0.0%2C%20Culture%3Dneutral%2C%20PublicKeyToken%3Db77a5c561934e089">
<targetType href="#ref-226"/>
<expression href="#ref-203"/>
<CodeObject_x002B_userData href="#ref-227"/>
</a1:CodeCastExpression>
<a1:CodeTypeReferenceCollection id="ref-179" xmlns:a1="http://schemas.microsoft.com/clr/nsassem/System.CodeDom/System%2C%20Version%3D4.0.0.0%2C%20Culture%3Dneutral%2C%20PublicKeyToken%3Db77a5c561934e089">
<CollectionBase_x002B_list href="#ref-228"/>
</a1:CodeTypeReferenceCollection>
<a4:ListDictionary id="ref-180" xmlns:a4="http://schemas.microsoft.com/clr/nsassem/System.Collections.Specialized/System%2C%20Version%3D4.0.0.0%2C%20Culture%3Dneutral%2C%20PublicKeyToken%3Db77a5c561934e089">
<head xsi:null="1"/>
<version>0</version>
<count>0</count>
<comparer xsi:null="1"/>
</a4:ListDictionary>
<a2:ArrayList id="ref-181" xmlns:a2="http://schemas.microsoft.com/clr/ns/System.Collections">
<_items href="#ref-156"/>
<_size>0</_size>
<_version>0</_version>
</a2:ArrayList>
<a1:CodeCastExpression id="ref-182" xmlns:a1="http://schemas.microsoft.com/clr/nsassem/System.CodeDom/System%2C%20Version%3D4.0.0.0%2C%20Culture%3Dneutral%2C%20PublicKeyToken%3Db77a5c561934e089">
<targetType href="#ref-229"/>
<expression href="#ref-207"/>
<CodeObject_x002B_userData href="#ref-230"/>
</a1:CodeCastExpression>
<a1:CodeTypeReferenceCollection id="ref-183" xmlns:a1="http://schemas.microsoft.com/clr/nsassem/System.CodeDom/System%2C%20Version%3D4.0.0.0%2C%20Culture%3Dneutral%2C%20PublicKeyToken%3Db77a5c561934e089">
<CollectionBase_x002B_list href="#ref-231"/>
</a1:CodeTypeReferenceCollection>
<a4:ListDictionary id="ref-184" xmlns:a4="http://schemas.microsoft.com/clr/nsassem/System.Collections.Specialized/System%2C%20Version%3D4.0.0.0%2C%20Culture%3Dneutral%2C%20PublicKeyToken%3Db77a5c561934e089">
<head xsi:null="1"/>
<version>0</version>
<count>0</count>
<comparer xsi:null="1"/>
</a4:ListDictionary>
<a2:ArrayList id="ref-185" xmlns:a2="http://schemas.microsoft.com/clr/ns/System.Collections">
<_items href="#ref-156"/>
<_size>0</_size>
<_version>0</_version>
</a2:ArrayList>
<a1:CodeCastExpression id="ref-186" xmlns:a1="http://schemas.microsoft.com/clr/nsassem/System.CodeDom/System%2C%20Version%3D4.0.0.0%2C%20Culture%3Dneutral%2C%20PublicKeyToken%3Db77a5c561934e089">
<targetType href="#ref-232"/>
<expression href="#ref-211"/>
<CodeObject_x002B_userData href="#ref-233"/>
</a1:CodeCastExpression>
<a1:CodeTypeReferenceCollection id="ref-187" xmlns:a1="http://schemas.microsoft.com/clr/nsassem/System.CodeDom/System%2C%20Version%3D4.0.0.0%2C%20Culture%3Dneutral%2C%20PublicKeyToken%3Db77a5c561934e089">
<CollectionBase_x002B_list href="#ref-234"/>
</a1:CodeTypeReferenceCollection>
<a4:ListDictionary id="ref-188" xmlns:a4="http://schemas.microsoft.com/clr/nsassem/System.Collections.Specialized/System%2C%20Version%3D4.0.0.0%2C%20Culture%3Dneutral%2C%20PublicKeyToken%3Db77a5c561934e089">
<head xsi:null="1"/>
<version>0</version>
<count>0</count>
<comparer xsi:null="1"/>
</a4:ListDictionary>
<a2:ArrayList id="ref-189" xmlns:a2="http://schemas.microsoft.com/clr/ns/System.Collections">
<_items href="#ref-156"/>
<_size>0</_size>
<_version>0</_version>
</a2:ArrayList>
<a1:CodeCastExpression id="ref-190" xmlns:a1="http://schemas.microsoft.com/clr/nsassem/System.CodeDom/System%2C%20Version%3D4.0.0.0%2C%20Culture%3Dneutral%2C%20PublicKeyToken%3Db77a5c561934e089">
<targetType href="#ref-235"/>
<expression href="#ref-215"/>
<CodeObject_x002B_userData href="#ref-236"/>
</a1:CodeCastExpression>
<a1:CodeTypeReferenceCollection id="ref-191" xmlns:a1="http://schemas.microsoft.com/clr/nsassem/System.CodeDom/System%2C%20Version%3D4.0.0.0%2C%20Culture%3Dneutral%2C%20PublicKeyToken%3Db77a5c561934e089">
<CollectionBase_x002B_list href="#ref-237"/>
</a1:CodeTypeReferenceCollection>
<a4:ListDictionary id="ref-192" xmlns:a4="http://schemas.microsoft.com/clr/nsassem/System.Collections.Specialized/System%2C%20Version%3D4.0.0.0%2C%20Culture%3Dneutral%2C%20PublicKeyToken%3Db77a5c561934e089">
<head xsi:null="1"/>
<version>0</version>
<count>0</count>
<comparer xsi:null="1"/>
</a4:ListDictionary>
<a2:ArrayList id="ref-193" xmlns:a2="http://schemas.microsoft.com/clr/ns/System.Collections">
<_items href="#ref-156"/>
<_size>0</_size>
<_version>0</_version>
</a2:ArrayList>
<a1:CodeCastExpression id="ref-194" xmlns:a1="http://schemas.microsoft.com/clr/nsassem/System.CodeDom/System%2C%20Version%3D4.0.0.0%2C%20Culture%3Dneutral%2C%20PublicKeyToken%3Db77a5c561934e089">
<targetType href="#ref-238"/>
<expression href="#ref-219"/>
<CodeObject_x002B_userData href="#ref-239"/>
</a1:CodeCastExpression>
<a1:CodeTypeReferenceCollection id="ref-195" xmlns:a1="http://schemas.microsoft.com/clr/nsassem/System.CodeDom/System%2C%20Version%3D4.0.0.0%2C%20Culture%3Dneutral%2C%20PublicKeyToken%3Db77a5c561934e089">
<CollectionBase_x002B_list href="#ref-240"/>
</a1:CodeTypeReferenceCollection>
<a4:ListDictionary id="ref-196" xmlns:a4="http://schemas.microsoft.com/clr/nsassem/System.Collections.Specialized/System%2C%20Version%3D4.0.0.0%2C%20Culture%3Dneutral%2C%20PublicKeyToken%3Db77a5c561934e089">
<head xsi:null="1"/>
<version>0</version>
<count>0</count>
<comparer xsi:null="1"/>
</a4:ListDictionary>
<a2:ArrayList id="ref-197" xmlns:a2="http://schemas.microsoft.com/clr/ns/System.Collections">
<_items href="#ref-156"/>
<_size>0</_size>
<_version>0</_version>
</a2:ArrayList>
<a1:CodeCastExpression id="ref-198" xmlns:a1="http://schemas.microsoft.com/clr/nsassem/System.CodeDom/System%2C%20Version%3D4.0.0.0%2C%20Culture%3Dneutral%2C%20PublicKeyToken%3Db77a5c561934e089">
<targetType href="#ref-241"/>
<expression href="#ref-223"/>
<CodeObject_x002B_userData href="#ref-242"/>
</a1:CodeCastExpression>
<a1:CodeTypeReferenceCollection id="ref-199" xmlns:a1="http://schemas.microsoft.com/clr/nsassem/System.CodeDom/System%2C%20Version%3D4.0.0.0%2C%20Culture%3Dneutral%2C%20PublicKeyToken%3Db77a5c561934e089">
<CollectionBase_x002B_list href="#ref-243"/>
</a1:CodeTypeReferenceCollection>
<a4:ListDictionary id="ref-200" xmlns:a4="http://schemas.microsoft.com/clr/nsassem/System.Collections.Specialized/System%2C%20Version%3D4.0.0.0%2C%20Culture%3Dneutral%2C%20PublicKeyToken%3Db77a5c561934e089">
<head xsi:null="1"/>
<version>0</version>
<count>0</count>
<comparer xsi:null="1"/>
</a4:ListDictionary>
<a2:ArrayList id="ref-201" xmlns:a2="http://schemas.microsoft.com/clr/ns/System.Collections">
<_items href="#ref-156"/>
<_size>0</_size>
<_version>0</_version>
</a2:ArrayList>
<a1:CodeTypeReference id="ref-202" xmlns:a1="http://schemas.microsoft.com/clr/nsassem/System.CodeDom/System%2C%20Version%3D4.0.0.0%2C%20Culture%3Dneutral%2C%20PublicKeyToken%3Db77a5c561934e089">
<baseType id="ref-244">System.ComponentModel.ISupportInitialize</baseType>
<isInterface>true</isInterface>
<arrayRank>0</arrayRank>
<arrayElementType xsi:null="1"/>
<typeArguments href="#ref-245"/>
<referenceOptions>0</referenceOptions>
<needsFixup>true</needsFixup>
<CodeObject_x002B_userData href="#ref-246"/>
</a1:CodeTypeReference>
<a1:CodeFieldReferenceExpression id="ref-203" xmlns:a1="http://schemas.microsoft.com/clr/nsassem/System.CodeDom/System%2C%20Version%3D4.0.0.0%2C%20Culture%3Dneutral%2C%20PublicKeyToken%3Db77a5c561934e089">
<targetObject href="#ref-223"/>
<fieldName id="ref-247">Chart_1</fieldName>
<CodeObject_x002B_userData href="#ref-248"/>
</a1:CodeFieldReferenceExpression>
<a4:ListDictionary id="ref-204" xmlns:a4="http://schemas.microsoft.com/clr/nsassem/System.Collections.Specialized/System%2C%20Version%3D4.0.0.0%2C%20Culture%3Dneutral%2C%20PublicKeyToken%3Db77a5c561934e089">
<head xsi:null="1"/>
<version>0</version>
<count>0</count>
<comparer xsi:null="1"/>
</a4:ListDictionary>
<a2:ArrayList id="ref-205" xmlns:a2="http://schemas.microsoft.com/clr/ns/System.Collections">
<_items href="#ref-156"/>
<_size>0</_size>
<_version>0</_version>
</a2:ArrayList>
<a1:CodeTypeReference id="ref-206" xmlns:a1="http://schemas.microsoft.com/clr/nsassem/System.CodeDom/System%2C%20Version%3D4.0.0.0%2C%20Culture%3Dneutral%2C%20PublicKeyToken%3Db77a5c561934e089">
<baseType href="#ref-244"/>
<isInterface>true</isInterface>
<arrayRank>0</arrayRank>
<arrayElementType xsi:null="1"/>
<typeArguments href="#ref-249"/>
<referenceOptions>0</referenceOptions>
<needsFixup>true</needsFixup>
<CodeObject_x002B_userData href="#ref-250"/>
</a1:CodeTypeReference>
<a1:CodeFieldReferenceExpression id="ref-207" xmlns:a1="http://schemas.microsoft.com/clr/nsassem/System.CodeDom/System%2C%20Version%3D4.0.0.0%2C%20Culture%3Dneutral%2C%20PublicKeyToken%3Db77a5c561934e089">
<targetObject href="#ref-223"/>
<fieldName id="ref-251">History</fieldName>
<CodeObject_x002B_userData href="#ref-252"/>
</a1:CodeFieldReferenceExpression>
<a4:ListDictionary id="ref-208" xmlns:a4="http://schemas.microsoft.com/clr/nsassem/System.Collections.Specialized/System%2C%20Version%3D4.0.0.0%2C%20Culture%3Dneutral%2C%20PublicKeyToken%3Db77a5c561934e089">
<head xsi:null="1"/>
<version>0</version>
<count>0</count>
<comparer xsi:null="1"/>
</a4:ListDictionary>
<a2:ArrayList id="ref-209" xmlns:a2="http://schemas.microsoft.com/clr/ns/System.Collections">
<_items href="#ref-156"/>
<_size>0</_size>
<_version>0</_version>
</a2:ArrayList>
<a1:CodeTypeReference id="ref-210" xmlns:a1="http://schemas.microsoft.com/clr/nsassem/System.CodeDom/System%2C%20Version%3D4.0.0.0%2C%20Culture%3Dneutral%2C%20PublicKeyToken%3Db77a5c561934e089">
<baseType href="#ref-244"/>
<isInterface>true</isInterface>
<arrayRank>0</arrayRank>
<arrayElementType xsi:null="1"/>
<typeArguments href="#ref-253"/>
<referenceOptions>0</referenceOptions>
<needsFixup>true</needsFixup>
<CodeObject_x002B_userData href="#ref-254"/>
</a1:CodeTypeReference>
<a1:CodeFieldReferenceExpression id="ref-211" xmlns:a1="http://schemas.microsoft.com/clr/nsassem/System.CodeDom/System%2C%20Version%3D4.0.0.0%2C%20Culture%3Dneutral%2C%20PublicKeyToken%3Db77a5c561934e089">
<targetObject href="#ref-223"/>
<fieldName id="ref-255">FlavorNamedRange</fieldName>
<CodeObject_x002B_userData href="#ref-256"/>
</a1:CodeFieldReferenceExpression>
<a4:ListDictionary id="ref-212" xmlns:a4="http://schemas.microsoft.com/clr/nsassem/System.Collections.Specialized/System%2C%20Version%3D4.0.0.0%2C%20Culture%3Dneutral%2C%20PublicKeyToken%3Db77a5c561934e089">
<head xsi:null="1"/>
<version>0</version>
<count>0</count>
<comparer xsi:null="1"/>
</a4:ListDictionary>
<a2:ArrayList id="ref-213" xmlns:a2="http://schemas.microsoft.com/clr/ns/System.Collections">
<_items href="#ref-156"/>
<_size>0</_size>
<_version>0</_version>
</a2:ArrayList>
<a1:CodeTypeReference id="ref-214" xmlns:a1="http://schemas.microsoft.com/clr/nsassem/System.CodeDom/System%2C%20Version%3D4.0.0.0%2C%20Culture%3Dneutral%2C%20PublicKeyToken%3Db77a5c561934e089">
<baseType href="#ref-244"/>
<isInterface>true</isInterface>
<arrayRank>0</arrayRank>
<arrayElementType xsi:null="1"/>
<typeArguments href="#ref-257"/>
<referenceOptions>0</referenceOptions>
<needsFixup>true</needsFixup>
<CodeObject_x002B_userData href="#ref-258"/>
</a1:CodeTypeReference>
<a1:CodeFieldReferenceExpression id="ref-215" xmlns:a1="http://schemas.microsoft.com/clr/nsassem/System.CodeDom/System%2C%20Version%3D4.0.0.0%2C%20Culture%3Dneutral%2C%20PublicKeyToken%3Db77a5c561934e089">
<targetObject href="#ref-223"/>
<fieldName id="ref-259">Sheet2_TitleLabel</fieldName>
<CodeObject_x002B_userData href="#ref-260"/>
</a1:CodeFieldReferenceExpression>
<a4:ListDictionary id="ref-216" xmlns:a4="http://schemas.microsoft.com/clr/nsassem/System.Collections.Specialized/System%2C%20Version%3D4.0.0.0%2C%20Culture%3Dneutral%2C%20PublicKeyToken%3Db77a5c561934e089">
<head xsi:null="1"/>
<version>0</version>
<count>0</count>
<comparer xsi:null="1"/>
</a4:ListDictionary>
<a2:ArrayList id="ref-217" xmlns:a2="http://schemas.microsoft.com/clr/ns/System.Collections">
<_items href="#ref-156"/>
<_size>0</_size>
<_version>0</_version>
</a2:ArrayList>
<a1:CodeTypeReference id="ref-218" xmlns:a1="http://schemas.microsoft.com/clr/nsassem/System.CodeDom/System%2C%20Version%3D4.0.0.0%2C%20Culture%3Dneutral%2C%20PublicKeyToken%3Db77a5c561934e089">
<baseType href="#ref-244"/>
<isInterface>true</isInterface>
<arrayRank>0</arrayRank>
<arrayElementType xsi:null="1"/>
<typeArguments href="#ref-261"/>
<referenceOptions>0</referenceOptions>
<needsFixup>true</needsFixup>
<CodeObject_x002B_userData href="#ref-262"/>
</a1:CodeTypeReference>
<a1:CodeFieldReferenceExpression id="ref-219" xmlns:a1="http://schemas.microsoft.com/clr/nsassem/System.CodeDom/System%2C%20Version%3D4.0.0.0%2C%20Culture%3Dneutral%2C%20PublicKeyToken%3Db77a5c561934e089">
<targetObject href="#ref-223"/>
<fieldName id="ref-263">IceCreamLabel</fieldName>
<CodeObject_x002B_userData href="#ref-264"/>
</a1:CodeFieldReferenceExpression>
<a4:ListDictionary id="ref-220" xmlns:a4="http://schemas.microsoft.com/clr/nsassem/System.Collections.Specialized/System%2C%20Version%3D4.0.0.0%2C%20Culture%3Dneutral%2C%20PublicKeyToken%3Db77a5c561934e089">
<head xsi:null="1"/>
<version>0</version>
<count>0</count>
<comparer xsi:null="1"/>
</a4:ListDictionary>
<a2:ArrayList id="ref-221" xmlns:a2="http://schemas.microsoft.com/clr/ns/System.Collections">
<_items href="#ref-156"/>
<_size>0</_size>
<_version>0</_version>
</a2:ArrayList>
<a1:CodeTypeReference id="ref-222" xmlns:a1="http://schemas.microsoft.com/clr/nsassem/System.CodeDom/System%2C%20Version%3D4.0.0.0%2C%20Culture%3Dneutral%2C%20PublicKeyToken%3Db77a5c561934e089">
<baseType href="#ref-244"/>
<isInterface>true</isInterface>
<arrayRank>0</arrayRank>
<arrayElementType xsi:null="1"/>
<typeArguments href="#ref-265"/>
<referenceOptions>0</referenceOptions>
<needsFixup>true</needsFixup>
<CodeObject_x002B_userData href="#ref-266"/>
</a1:CodeTypeReference>
<a1:CodeThisReferenceExpression id="ref-223" xmlns:a1="http://schemas.microsoft.com/clr/nsassem/System.CodeDom/System%2C%20Version%3D4.0.0.0%2C%20Culture%3Dneutral%2C%20PublicKeyToken%3Db77a5c561934e089">
<CodeObject_x002B_userData href="#ref-267"/>
</a1:CodeThisReferenceExpression>
<a4:ListDictionary id="ref-224" xmlns:a4="http://schemas.microsoft.com/clr/nsassem/System.Collections.Specialized/System%2C%20Version%3D4.0.0.0%2C%20Culture%3Dneutral%2C%20PublicKeyToken%3Db77a5c561934e089">
<head xsi:null="1"/>
<version>0</version>
<count>0</count>
<comparer xsi:null="1"/>
</a4:ListDictionary>
<a2:ArrayList id="ref-225" xmlns:a2="http://schemas.microsoft.com/clr/ns/System.Collections">
<_items href="#ref-156"/>
<_size>0</_size>
<_version>0</_version>
</a2:ArrayList>
<a1:CodeTypeReference id="ref-226" xmlns:a1="http://schemas.microsoft.com/clr/nsassem/System.CodeDom/System%2C%20Version%3D4.0.0.0%2C%20Culture%3Dneutral%2C%20PublicKeyToken%3Db77a5c561934e089">
<baseType href="#ref-244"/>
<isInterface>true</isInterface>
<arrayRank>0</arrayRank>
<arrayElementType xsi:null="1"/>
<typeArguments href="#ref-268"/>
<referenceOptions>0</referenceOptions>
<needsFixup>true</needsFixup>
<CodeObject_x002B_userData href="#ref-269"/>
</a1:CodeTypeReference>
<a4:ListDictionary id="ref-227" xmlns:a4="http://schemas.microsoft.com/clr/nsassem/System.Collections.Specialized/System%2C%20Version%3D4.0.0.0%2C%20Culture%3Dneutral%2C%20PublicKeyToken%3Db77a5c561934e089">
<head xsi:null="1"/>
<version>0</version>
<count>0</count>
<comparer xsi:null="1"/>
</a4:ListDictionary>
<a2:ArrayList id="ref-228" xmlns:a2="http://schemas.microsoft.com/clr/ns/System.Collections">
<_items href="#ref-156"/>
<_size>0</_size>
<_version>0</_version>
</a2:ArrayList>
<a1:CodeTypeReference id="ref-229" xmlns:a1="http://schemas.microsoft.com/clr/nsassem/System.CodeDom/System%2C%20Version%3D4.0.0.0%2C%20Culture%3Dneutral%2C%20PublicKeyToken%3Db77a5c561934e089">
<baseType href="#ref-244"/>
<isInterface>true</isInterface>
<arrayRank>0</arrayRank>
<arrayElementType xsi:null="1"/>
<typeArguments href="#ref-270"/>
<referenceOptions>0</referenceOptions>
<needsFixup>true</needsFixup>
<CodeObject_x002B_userData href="#ref-271"/>
</a1:CodeTypeReference>
<a4:ListDictionary id="ref-230" xmlns:a4="http://schemas.microsoft.com/clr/nsassem/System.Collections.Specialized/System%2C%20Version%3D4.0.0.0%2C%20Culture%3Dneutral%2C%20PublicKeyToken%3Db77a5c561934e089">
<head xsi:null="1"/>
<version>0</version>
<count>0</count>
<comparer xsi:null="1"/>
</a4:ListDictionary>
<a2:ArrayList id="ref-231" xmlns:a2="http://schemas.microsoft.com/clr/ns/System.Collections">
<_items href="#ref-156"/>
<_size>0</_size>
<_version>0</_version>
</a2:ArrayList>
<a1:CodeTypeReference id="ref-232" xmlns:a1="http://schemas.microsoft.com/clr/nsassem/System.CodeDom/System%2C%20Version%3D4.0.0.0%2C%20Culture%3Dneutral%2C%20PublicKeyToken%3Db77a5c561934e089">
<baseType href="#ref-244"/>
<isInterface>true</isInterface>
<arrayRank>0</arrayRank>
<arrayElementType xsi:null="1"/>
<typeArguments href="#ref-272"/>
<referenceOptions>0</referenceOptions>
<needsFixup>true</needsFixup>
<CodeObject_x002B_userData href="#ref-273"/>
</a1:CodeTypeReference>
<a4:ListDictionary id="ref-233" xmlns:a4="http://schemas.microsoft.com/clr/nsassem/System.Collections.Specialized/System%2C%20Version%3D4.0.0.0%2C%20Culture%3Dneutral%2C%20PublicKeyToken%3Db77a5c561934e089">
<head xsi:null="1"/>
<version>0</version>
<count>0</count>
<comparer xsi:null="1"/>
</a4:ListDictionary>
<a2:ArrayList id="ref-234" xmlns:a2="http://schemas.microsoft.com/clr/ns/System.Collections">
<_items href="#ref-156"/>
<_size>0</_size>
<_version>0</_version>
</a2:ArrayList>
<a1:CodeTypeReference id="ref-235" xmlns:a1="http://schemas.microsoft.com/clr/nsassem/System.CodeDom/System%2C%20Version%3D4.0.0.0%2C%20Culture%3Dneutral%2C%20PublicKeyToken%3Db77a5c561934e089">
<baseType href="#ref-244"/>
<isInterface>true</isInterface>
<arrayRank>0</arrayRank>
<arrayElementType xsi:null="1"/>
<typeArguments href="#ref-274"/>
<referenceOptions>0</referenceOptions>
<needsFixup>true</needsFixup>
<CodeObject_x002B_userData href="#ref-275"/>
</a1:CodeTypeReference>
<a4:ListDictionary id="ref-236" xmlns:a4="http://schemas.microsoft.com/clr/nsassem/System.Collections.Specialized/System%2C%20Version%3D4.0.0.0%2C%20Culture%3Dneutral%2C%20PublicKeyToken%3Db77a5c561934e089">
<head xsi:null="1"/>
<version>0</version>
<count>0</count>
<comparer xsi:null="1"/>
</a4:ListDictionary>
<a2:ArrayList id="ref-237" xmlns:a2="http://schemas.microsoft.com/clr/ns/System.Collections">
<_items href="#ref-156"/>
<_size>0</_size>
<_version>0</_version>
</a2:ArrayList>
<a1:CodeTypeReference id="ref-238" xmlns:a1="http://schemas.microsoft.com/clr/nsassem/System.CodeDom/System%2C%20Version%3D4.0.0.0%2C%20Culture%3Dneutral%2C%20PublicKeyToken%3Db77a5c561934e089">
<baseType href="#ref-244"/>
<isInterface>true</isInterface>
<arrayRank>0</arrayRank>
<arrayElementType xsi:null="1"/>
<typeArguments href="#ref-276"/>
<referenceOptions>0</referenceOptions>
<needsFixup>true</needsFixup>
<CodeObject_x002B_userData href="#ref-277"/>
</a1:CodeTypeReference>
<a4:ListDictionary id="ref-239" xmlns:a4="http://schemas.microsoft.com/clr/nsassem/System.Collections.Specialized/System%2C%20Version%3D4.0.0.0%2C%20Culture%3Dneutral%2C%20PublicKeyToken%3Db77a5c561934e089">
<head xsi:null="1"/>
<version>0</version>
<count>0</count>
<comparer xsi:null="1"/>
</a4:ListDictionary>
<a2:ArrayList id="ref-240" xmlns:a2="http://schemas.microsoft.com/clr/ns/System.Collections">
<_items href="#ref-156"/>
<_size>0</_size>
<_version>0</_version>
</a2:ArrayList>
<a1:CodeTypeReference id="ref-241" xmlns:a1="http://schemas.microsoft.com/clr/nsassem/System.CodeDom/System%2C%20Version%3D4.0.0.0%2C%20Culture%3Dneutral%2C%20PublicKeyToken%3Db77a5c561934e089">
<baseType href="#ref-244"/>
<isInterface>true</isInterface>
<arrayRank>0</arrayRank>
<arrayElementType xsi:null="1"/>
<typeArguments href="#ref-278"/>
<referenceOptions>0</referenceOptions>
<needsFixup>true</needsFixup>
<CodeObject_x002B_userData href="#ref-279"/>
</a1:CodeTypeReference>
<a4:ListDictionary id="ref-242" xmlns:a4="http://schemas.microsoft.com/clr/nsassem/System.Collections.Specialized/System%2C%20Version%3D4.0.0.0%2C%20Culture%3Dneutral%2C%20PublicKeyToken%3Db77a5c561934e089">
<head xsi:null="1"/>
<version>0</version>
<count>0</count>
<comparer xsi:null="1"/>
</a4:ListDictionary>
<a2:ArrayList id="ref-243" xmlns:a2="http://schemas.microsoft.com/clr/ns/System.Collections">
<_items href="#ref-156"/>
<_size>0</_size>
<_version>0</_version>
</a2:ArrayList>
<a1:CodeTypeReferenceCollection id="ref-245" xmlns:a1="http://schemas.microsoft.com/clr/nsassem/System.CodeDom/System%2C%20Version%3D4.0.0.0%2C%20Culture%3Dneutral%2C%20PublicKeyToken%3Db77a5c561934e089">
<CollectionBase_x002B_list href="#ref-280"/>
</a1:CodeTypeReferenceCollection>
<a4:ListDictionary id="ref-246" xmlns:a4="http://schemas.microsoft.com/clr/nsassem/System.Collections.Specialized/System%2C%20Version%3D4.0.0.0%2C%20Culture%3Dneutral%2C%20PublicKeyToken%3Db77a5c561934e089">
<head xsi:null="1"/>
<version>0</version>
<count>0</count>
<comparer xsi:null="1"/>
</a4:ListDictionary>
<a4:ListDictionary id="ref-248" xmlns:a4="http://schemas.microsoft.com/clr/nsassem/System.Collections.Specialized/System%2C%20Version%3D4.0.0.0%2C%20Culture%3Dneutral%2C%20PublicKeyToken%3Db77a5c561934e089">
<head xsi:null="1"/>
<version>0</version>
<count>0</count>
<comparer xsi:null="1"/>
</a4:ListDictionary>
<a1:CodeTypeReferenceCollection id="ref-249" xmlns:a1="http://schemas.microsoft.com/clr/nsassem/System.CodeDom/System%2C%20Version%3D4.0.0.0%2C%20Culture%3Dneutral%2C%20PublicKeyToken%3Db77a5c561934e089">
<CollectionBase_x002B_list href="#ref-281"/>
</a1:CodeTypeReferenceCollection>
<a4:ListDictionary id="ref-250" xmlns:a4="http://schemas.microsoft.com/clr/nsassem/System.Collections.Specialized/System%2C%20Version%3D4.0.0.0%2C%20Culture%3Dneutral%2C%20PublicKeyToken%3Db77a5c561934e089">
<head xsi:null="1"/>
<version>0</version>
<count>0</count>
<comparer xsi:null="1"/>
</a4:ListDictionary>
<a4:ListDictionary id="ref-252" xmlns:a4="http://schemas.microsoft.com/clr/nsassem/System.Collections.Specialized/System%2C%20Version%3D4.0.0.0%2C%20Culture%3Dneutral%2C%20PublicKeyToken%3Db77a5c561934e089">
<head xsi:null="1"/>
<version>0</version>
<count>0</count>
<comparer xsi:null="1"/>
</a4:ListDictionary>
<a1:CodeTypeReferenceCollection id="ref-253" xmlns:a1="http://schemas.microsoft.com/clr/nsassem/System.CodeDom/System%2C%20Version%3D4.0.0.0%2C%20Culture%3Dneutral%2C%20PublicKeyToken%3Db77a5c561934e089">
<CollectionBase_x002B_list href="#ref-282"/>
</a1:CodeTypeReferenceCollection>
<a4:ListDictionary id="ref-254" xmlns:a4="http://schemas.microsoft.com/clr/nsassem/System.Collections.Specialized/System%2C%20Version%3D4.0.0.0%2C%20Culture%3Dneutral%2C%20PublicKeyToken%3Db77a5c561934e089">
<head xsi:null="1"/>
<version>0</version>
<count>0</count>
<comparer xsi:null="1"/>
</a4:ListDictionary>
<a4:ListDictionary id="ref-256" xmlns:a4="http://schemas.microsoft.com/clr/nsassem/System.Collections.Specialized/System%2C%20Version%3D4.0.0.0%2C%20Culture%3Dneutral%2C%20PublicKeyToken%3Db77a5c561934e089">
<head xsi:null="1"/>
<version>0</version>
<count>0</count>
<comparer xsi:null="1"/>
</a4:ListDictionary>
<a1:CodeTypeReferenceCollection id="ref-257" xmlns:a1="http://schemas.microsoft.com/clr/nsassem/System.CodeDom/System%2C%20Version%3D4.0.0.0%2C%20Culture%3Dneutral%2C%20PublicKeyToken%3Db77a5c561934e089">
<CollectionBase_x002B_list href="#ref-283"/>
</a1:CodeTypeReferenceCollection>
<a4:ListDictionary id="ref-258" xmlns:a4="http://schemas.microsoft.com/clr/nsassem/System.Collections.Specialized/System%2C%20Version%3D4.0.0.0%2C%20Culture%3Dneutral%2C%20PublicKeyToken%3Db77a5c561934e089">
<head xsi:null="1"/>
<version>0</version>
<count>0</count>
<comparer xsi:null="1"/>
</a4:ListDictionary>
<a4:ListDictionary id="ref-260" xmlns:a4="http://schemas.microsoft.com/clr/nsassem/System.Collections.Specialized/System%2C%20Version%3D4.0.0.0%2C%20Culture%3Dneutral%2C%20PublicKeyToken%3Db77a5c561934e089">
<head xsi:null="1"/>
<version>0</version>
<count>0</count>
<comparer xsi:null="1"/>
</a4:ListDictionary>
<a1:CodeTypeReferenceCollection id="ref-261" xmlns:a1="http://schemas.microsoft.com/clr/nsassem/System.CodeDom/System%2C%20Version%3D4.0.0.0%2C%20Culture%3Dneutral%2C%20PublicKeyToken%3Db77a5c561934e089">
<CollectionBase_x002B_list href="#ref-284"/>
</a1:CodeTypeReferenceCollection>
<a4:ListDictionary id="ref-262" xmlns:a4="http://schemas.microsoft.com/clr/nsassem/System.Collections.Specialized/System%2C%20Version%3D4.0.0.0%2C%20Culture%3Dneutral%2C%20PublicKeyToken%3Db77a5c561934e089">
<head xsi:null="1"/>
<version>0</version>
<count>0</count>
<comparer xsi:null="1"/>
</a4:ListDictionary>
<a4:ListDictionary id="ref-264" xmlns:a4="http://schemas.microsoft.com/clr/nsassem/System.Collections.Specialized/System%2C%20Version%3D4.0.0.0%2C%20Culture%3Dneutral%2C%20PublicKeyToken%3Db77a5c561934e089">
<head xsi:null="1"/>
<version>0</version>
<count>0</count>
<comparer xsi:null="1"/>
</a4:ListDictionary>
<a1:CodeTypeReferenceCollection id="ref-265" xmlns:a1="http://schemas.microsoft.com/clr/nsassem/System.CodeDom/System%2C%20Version%3D4.0.0.0%2C%20Culture%3Dneutral%2C%20PublicKeyToken%3Db77a5c561934e089">
<CollectionBase_x002B_list href="#ref-285"/>
</a1:CodeTypeReferenceCollection>
<a4:ListDictionary id="ref-266" xmlns:a4="http://schemas.microsoft.com/clr/nsassem/System.Collections.Specialized/System%2C%20Version%3D4.0.0.0%2C%20Culture%3Dneutral%2C%20PublicKeyToken%3Db77a5c561934e089">
<head xsi:null="1"/>
<version>0</version>
<count>0</count>
<comparer xsi:null="1"/>
</a4:ListDictionary>
<a4:ListDictionary id="ref-267" xmlns:a4="http://schemas.microsoft.com/clr/nsassem/System.Collections.Specialized/System%2C%20Version%3D4.0.0.0%2C%20Culture%3Dneutral%2C%20PublicKeyToken%3Db77a5c561934e089">
<head xsi:null="1"/>
<version>0</version>
<count>0</count>
<comparer xsi:null="1"/>
</a4:ListDictionary>
<a1:CodeTypeReferenceCollection id="ref-268" xmlns:a1="http://schemas.microsoft.com/clr/nsassem/System.CodeDom/System%2C%20Version%3D4.0.0.0%2C%20Culture%3Dneutral%2C%20PublicKeyToken%3Db77a5c561934e089">
<CollectionBase_x002B_list href="#ref-286"/>
</a1:CodeTypeReferenceCollection>
<a4:ListDictionary id="ref-269" xmlns:a4="http://schemas.microsoft.com/clr/nsassem/System.Collections.Specialized/System%2C%20Version%3D4.0.0.0%2C%20Culture%3Dneutral%2C%20PublicKeyToken%3Db77a5c561934e089">
<head xsi:null="1"/>
<version>0</version>
<count>0</count>
<comparer xsi:null="1"/>
</a4:ListDictionary>
<a1:CodeTypeReferenceCollection id="ref-270" xmlns:a1="http://schemas.microsoft.com/clr/nsassem/System.CodeDom/System%2C%20Version%3D4.0.0.0%2C%20Culture%3Dneutral%2C%20PublicKeyToken%3Db77a5c561934e089">
<CollectionBase_x002B_list href="#ref-287"/>
</a1:CodeTypeReferenceCollection>
<a4:ListDictionary id="ref-271" xmlns:a4="http://schemas.microsoft.com/clr/nsassem/System.Collections.Specialized/System%2C%20Version%3D4.0.0.0%2C%20Culture%3Dneutral%2C%20PublicKeyToken%3Db77a5c561934e089">
<head xsi:null="1"/>
<version>0</version>
<count>0</count>
<comparer xsi:null="1"/>
</a4:ListDictionary>
<a1:CodeTypeReferenceCollection id="ref-272" xmlns:a1="http://schemas.microsoft.com/clr/nsassem/System.CodeDom/System%2C%20Version%3D4.0.0.0%2C%20Culture%3Dneutral%2C%20PublicKeyToken%3Db77a5c561934e089">
<CollectionBase_x002B_list href="#ref-288"/>
</a1:CodeTypeReferenceCollection>
<a4:ListDictionary id="ref-273" xmlns:a4="http://schemas.microsoft.com/clr/nsassem/System.Collections.Specialized/System%2C%20Version%3D4.0.0.0%2C%20Culture%3Dneutral%2C%20PublicKeyToken%3Db77a5c561934e089">
<head xsi:null="1"/>
<version>0</version>
<count>0</count>
<comparer xsi:null="1"/>
</a4:ListDictionary>
<a1:CodeTypeReferenceCollection id="ref-274" xmlns:a1="http://schemas.microsoft.com/clr/nsassem/System.CodeDom/System%2C%20Version%3D4.0.0.0%2C%20Culture%3Dneutral%2C%20PublicKeyToken%3Db77a5c561934e089">
<CollectionBase_x002B_list href="#ref-289"/>
</a1:CodeTypeReferenceCollection>
<a4:ListDictionary id="ref-275" xmlns:a4="http://schemas.microsoft.com/clr/nsassem/System.Collections.Specialized/System%2C%20Version%3D4.0.0.0%2C%20Culture%3Dneutral%2C%20PublicKeyToken%3Db77a5c561934e089">
<head xsi:null="1"/>
<version>0</version>
<count>0</count>
<comparer xsi:null="1"/>
</a4:ListDictionary>
<a1:CodeTypeReferenceCollection id="ref-276" xmlns:a1="http://schemas.microsoft.com/clr/nsassem/System.CodeDom/System%2C%20Version%3D4.0.0.0%2C%20Culture%3Dneutral%2C%20PublicKeyToken%3Db77a5c561934e089">
<CollectionBase_x002B_list href="#ref-290"/>
</a1:CodeTypeReferenceCollection>
<a4:ListDictionary id="ref-277" xmlns:a4="http://schemas.microsoft.com/clr/nsassem/System.Collections.Specialized/System%2C%20Version%3D4.0.0.0%2C%20Culture%3Dneutral%2C%20PublicKeyToken%3Db77a5c561934e089">
<head xsi:null="1"/>
<version>0</version>
<count>0</count>
<comparer xsi:null="1"/>
</a4:ListDictionary>
<a1:CodeTypeReferenceCollection id="ref-278" xmlns:a1="http://schemas.microsoft.com/clr/nsassem/System.CodeDom/System%2C%20Version%3D4.0.0.0%2C%20Culture%3Dneutral%2C%20PublicKeyToken%3Db77a5c561934e089">
<CollectionBase_x002B_list href="#ref-291"/>
</a1:CodeTypeReferenceCollection>
<a4:ListDictionary id="ref-279" xmlns:a4="http://schemas.microsoft.com/clr/nsassem/System.Collections.Specialized/System%2C%20Version%3D4.0.0.0%2C%20Culture%3Dneutral%2C%20PublicKeyToken%3Db77a5c561934e089">
<head xsi:null="1"/>
<version>0</version>
<count>0</count>
<comparer xsi:null="1"/>
</a4:ListDictionary>
<a2:ArrayList id="ref-280" xmlns:a2="http://schemas.microsoft.com/clr/ns/System.Collections">
<_items href="#ref-156"/>
<_size>0</_size>
<_version>0</_version>
</a2:ArrayList>
<a2:ArrayList id="ref-281" xmlns:a2="http://schemas.microsoft.com/clr/ns/System.Collections">
<_items href="#ref-156"/>
<_size>0</_size>
<_version>0</_version>
</a2:ArrayList>
<a2:ArrayList id="ref-282" xmlns:a2="http://schemas.microsoft.com/clr/ns/System.Collections">
<_items href="#ref-156"/>
<_size>0</_size>
<_version>0</_version>
</a2:ArrayList>
<a2:ArrayList id="ref-283" xmlns:a2="http://schemas.microsoft.com/clr/ns/System.Collections">
<_items href="#ref-156"/>
<_size>0</_size>
<_version>0</_version>
</a2:ArrayList>
<a2:ArrayList id="ref-284" xmlns:a2="http://schemas.microsoft.com/clr/ns/System.Collections">
<_items href="#ref-156"/>
<_size>0</_size>
<_version>0</_version>
</a2:ArrayList>
<a2:ArrayList id="ref-285" xmlns:a2="http://schemas.microsoft.com/clr/ns/System.Collections">
<_items href="#ref-156"/>
<_size>0</_size>
<_version>0</_version>
</a2:ArrayList>
<a2:ArrayList id="ref-286" xmlns:a2="http://schemas.microsoft.com/clr/ns/System.Collections">
<_items href="#ref-156"/>
<_size>0</_size>
<_version>0</_version>
</a2:ArrayList>
<a2:ArrayList id="ref-287" xmlns:a2="http://schemas.microsoft.com/clr/ns/System.Collections">
<_items href="#ref-156"/>
<_size>0</_size>
<_version>0</_version>
</a2:ArrayList>
<a2:ArrayList id="ref-288" xmlns:a2="http://schemas.microsoft.com/clr/ns/System.Collections">
<_items href="#ref-156"/>
<_size>0</_size>
<_version>0</_version>
</a2:ArrayList>
<a2:ArrayList id="ref-289" xmlns:a2="http://schemas.microsoft.com/clr/ns/System.Collections">
<_items href="#ref-156"/>
<_size>0</_size>
<_version>0</_version>
</a2:ArrayList>
<a2:ArrayList id="ref-290" xmlns:a2="http://schemas.microsoft.com/clr/ns/System.Collections">
<_items href="#ref-156"/>
<_size>0</_size>
<_version>0</_version>
</a2:ArrayList>
<a2:ArrayList id="ref-291" xmlns:a2="http://schemas.microsoft.com/clr/ns/System.Collections">
<_items href="#ref-156"/>
<_size>0</_size>
<_version>0</_version>
</a2:ArrayList>
</SOAP-ENV:Body>
</SOAP-ENV:Envelope>
]]></hostitem:componentsInitialization>
</hostitem:hostItem>