﻿<hostitem:hostItem hostitem:baseType="Microsoft.Office.Tools.Excel.Worksheet" hostitem:namespace="" hostitem:className="Sheet1" hostitem:identifier="Sheet1" hostitem:primaryCookie="Sheet1" hostitem:startupIndex="1" xmlns:hostitem="http://schemas.microsoft.com/2004/VisualStudio/Tools/Applications/HostItem.xsd">
  <hostitem:hostControl hostitem:name="customerListObject" hostitem:identifier="customerListObject" hostitem:type="Microsoft.Office.Tools.Excel.ListObject" hostitem:primaryCookie="Sheet1:customerListObject" hostitem:extenderCookie="" hostitem:modifier="Internal" />
  <hostitem:hostControl hostitem:name="dateNamedRange" hostitem:identifier="dateNamedRange" hostitem:type="Microsoft.Office.Tools.Excel.NamedRange" hostitem:primaryCookie="dateNamedRange" hostitem:extenderCookie="" hostitem:modifier="Internal" />
  <hostitem:windowsFormsHostControl hostitem:name="TextBox1" hostitem:identifier="dateTextBox" hostitem:type="Microsoft.Office.Tools.Excel.Controls.TextBox" hostitem:primaryCookie="565B10E3B5F844543425AB1F59CFD31EEAB255" hostitem:extenderCookie="565B10E3B5F844543425AB1F59CFD31EEAB255" hostitem:modifier="Internal" />
  <hostitem:componentsDeclaration />
  <hostitem:componentsInitialization><![CDATA[<SOAP-ENV:Envelope xmlns:xsi="http://www.w3.org/2001/XMLSchema-instance" xmlns:xsd="http://www.w3.org/2001/XMLSchema" xmlns:SOAP-ENC="http://schemas.xmlsoap.org/soap/encoding/" xmlns:SOAP-ENV="http://schemas.xmlsoap.org/soap/envelope/" xmlns:clr="http://schemas.microsoft.com/soap/encoding/clr/1.0" SOAP-ENV:encodingStyle="http://schemas.xmlsoap.org/soap/encoding/">
<SOAP-ENV:Body>
<a1:CodeStatementCollection id="ref-1" xmlns:a1="http://schemas.microsoft.com/clr/nsassem/System.CodeDom/System%2C%20Version%3D4.0.0.0%2C%20Culture%3Dneutral%2C%20PublicKeyToken%3Db77a5c561934e089">
<CollectionBase_x002B_list href="#ref-3"/>
</a1:CodeStatementCollection>
<a2:ArrayList id="ref-3" xmlns:a2="http://schemas.microsoft.com/clr/ns/System.Collections">
<_items href="#ref-4"/>
<_size>15</_size>
<_version>15</_version>
</a2:ArrayList>
<SOAP-ENC:Array id="ref-4" SOAP-ENC:arrayType="xsd:anyType[16]">
<item href="#ref-5"/>
<item href="#ref-6"/>
<item href="#ref-7"/>
<item href="#ref-8"/>
<item href="#ref-9"/>
<item href="#ref-10"/>
<item href="#ref-11"/>
<item href="#ref-12"/>
<item href="#ref-13"/>
<item href="#ref-14"/>
<item href="#ref-15"/>
<item href="#ref-16"/>
<item href="#ref-17"/>
<item href="#ref-18"/>
<item href="#ref-19"/>
</SOAP-ENC:Array>
<a1:CodeExpressionStatement id="ref-5" xmlns:a1="http://schemas.microsoft.com/clr/nsassem/System.CodeDom/System%2C%20Version%3D4.0.0.0%2C%20Culture%3Dneutral%2C%20PublicKeyToken%3Db77a5c561934e089">
<expression href="#ref-20"/>
<CodeStatement_x002B_linePragma xsi:null="1"/>
<CodeStatement_x002B_startDirectives href="#ref-21"/>
<CodeStatement_x002B_endDirectives href="#ref-22"/>
<CodeObject_x002B_userData href="#ref-23"/>
</a1:CodeExpressionStatement>
<a1:CodeExpressionStatement id="ref-6" xmlns:a1="http://schemas.microsoft.com/clr/nsassem/System.CodeDom/System%2C%20Version%3D4.0.0.0%2C%20Culture%3Dneutral%2C%20PublicKeyToken%3Db77a5c561934e089">
<expression href="#ref-24"/>
<CodeStatement_x002B_linePragma xsi:null="1"/>
<CodeStatement_x002B_startDirectives href="#ref-25"/>
<CodeStatement_x002B_endDirectives href="#ref-26"/>
<CodeObject_x002B_userData href="#ref-27"/>
</a1:CodeExpressionStatement>
<a1:CodeExpressionStatement id="ref-7" xmlns:a1="http://schemas.microsoft.com/clr/nsassem/System.CodeDom/System%2C%20Version%3D4.0.0.0%2C%20Culture%3Dneutral%2C%20PublicKeyToken%3Db77a5c561934e089">
<expression href="#ref-28"/>
<CodeStatement_x002B_linePragma xsi:null="1"/>
<CodeStatement_x002B_startDirectives href="#ref-29"/>
<CodeStatement_x002B_endDirectives href="#ref-30"/>
<CodeObject_x002B_userData href="#ref-31"/>
</a1:CodeExpressionStatement>
<a1:CodeCommentStatement id="ref-8" xmlns:a1="http://schemas.microsoft.com/clr/nsassem/System.CodeDom/System%2C%20Version%3D4.0.0.0%2C%20Culture%3Dneutral%2C%20PublicKeyToken%3Db77a5c561934e089">
<comment href="#ref-32"/>
<CodeStatement_x002B_linePragma xsi:null="1"/>
<CodeStatement_x002B_startDirectives href="#ref-33"/>
<CodeStatement_x002B_endDirectives href="#ref-34"/>
<CodeObject_x002B_userData href="#ref-35"/>
</a1:CodeCommentStatement>
<a1:CodeCommentStatement id="ref-9" xmlns:a1="http://schemas.microsoft.com/clr/nsassem/System.CodeDom/System%2C%20Version%3D4.0.0.0%2C%20Culture%3Dneutral%2C%20PublicKeyToken%3Db77a5c561934e089">
<comment href="#ref-36"/>
<CodeStatement_x002B_linePragma xsi:null="1"/>
<CodeStatement_x002B_startDirectives href="#ref-37"/>
<CodeStatement_x002B_endDirectives href="#ref-38"/>
<CodeObject_x002B_userData href="#ref-39"/>
</a1:CodeCommentStatement>
<a1:CodeCommentStatement id="ref-10" xmlns:a1="http://schemas.microsoft.com/clr/nsassem/System.CodeDom/System%2C%20Version%3D4.0.0.0%2C%20Culture%3Dneutral%2C%20PublicKeyToken%3Db77a5c561934e089">
<comment href="#ref-40"/>
<CodeStatement_x002B_linePragma xsi:null="1"/>
<CodeStatement_x002B_startDirectives href="#ref-41"/>
<CodeStatement_x002B_endDirectives href="#ref-42"/>
<CodeObject_x002B_userData href="#ref-43"/>
</a1:CodeCommentStatement>
<a1:CodeAssignStatement id="ref-11" xmlns:a1="http://schemas.microsoft.com/clr/nsassem/System.CodeDom/System%2C%20Version%3D4.0.0.0%2C%20Culture%3Dneutral%2C%20PublicKeyToken%3Db77a5c561934e089">
<left href="#ref-44"/>
<right href="#ref-45"/>
<CodeStatement_x002B_linePragma xsi:null="1"/>
<CodeStatement_x002B_startDirectives href="#ref-46"/>
<CodeStatement_x002B_endDirectives href="#ref-47"/>
<CodeObject_x002B_userData href="#ref-48"/>
</a1:CodeAssignStatement>
<a1:CodeAssignStatement id="ref-12" xmlns:a1="http://schemas.microsoft.com/clr/nsassem/System.CodeDom/System%2C%20Version%3D4.0.0.0%2C%20Culture%3Dneutral%2C%20PublicKeyToken%3Db77a5c561934e089">
<left href="#ref-49"/>
<right href="#ref-50"/>
<CodeStatement_x002B_linePragma xsi:null="1"/>
<CodeStatement_x002B_startDirectives href="#ref-51"/>
<CodeStatement_x002B_endDirectives href="#ref-52"/>
<CodeObject_x002B_userData href="#ref-53"/>
</a1:CodeAssignStatement>
<a1:CodeAssignStatement id="ref-13" xmlns:a1="http://schemas.microsoft.com/clr/nsassem/System.CodeDom/System%2C%20Version%3D4.0.0.0%2C%20Culture%3Dneutral%2C%20PublicKeyToken%3Db77a5c561934e089">
<left href="#ref-54"/>
<right href="#ref-55"/>
<CodeStatement_x002B_linePragma xsi:null="1"/>
<CodeStatement_x002B_startDirectives href="#ref-56"/>
<CodeStatement_x002B_endDirectives href="#ref-57"/>
<CodeObject_x002B_userData href="#ref-58"/>
</a1:CodeAssignStatement>
<a1:CodeCommentStatement id="ref-14" xmlns:a1="http://schemas.microsoft.com/clr/nsassem/System.CodeDom/System%2C%20Version%3D4.0.0.0%2C%20Culture%3Dneutral%2C%20PublicKeyToken%3Db77a5c561934e089">
<comment href="#ref-59"/>
<CodeStatement_x002B_linePragma xsi:null="1"/>
<CodeStatement_x002B_startDirectives href="#ref-60"/>
<CodeStatement_x002B_endDirectives href="#ref-61"/>
<CodeObject_x002B_userData href="#ref-62"/>
</a1:CodeCommentStatement>
<a1:CodeCommentStatement id="ref-15" xmlns:a1="http://schemas.microsoft.com/clr/nsassem/System.CodeDom/System%2C%20Version%3D4.0.0.0%2C%20Culture%3Dneutral%2C%20PublicKeyToken%3Db77a5c561934e089">
<comment href="#ref-63"/>
<CodeStatement_x002B_linePragma xsi:null="1"/>
<CodeStatement_x002B_startDirectives href="#ref-64"/>
<CodeStatement_x002B_endDirectives href="#ref-65"/>
<CodeObject_x002B_userData href="#ref-66"/>
</a1:CodeCommentStatement>
<a1:CodeCommentStatement id="ref-16" xmlns:a1="http://schemas.microsoft.com/clr/nsassem/System.CodeDom/System%2C%20Version%3D4.0.0.0%2C%20Culture%3Dneutral%2C%20PublicKeyToken%3Db77a5c561934e089">
<comment href="#ref-67"/>
<CodeStatement_x002B_linePragma xsi:null="1"/>
<CodeStatement_x002B_startDirectives href="#ref-68"/>
<CodeStatement_x002B_endDirectives href="#ref-69"/>
<CodeObject_x002B_userData href="#ref-70"/>
</a1:CodeCommentStatement>
<a1:CodeExpressionStatement id="ref-17" xmlns:a1="http://schemas.microsoft.com/clr/nsassem/System.CodeDom/System%2C%20Version%3D4.0.0.0%2C%20Culture%3Dneutral%2C%20PublicKeyToken%3Db77a5c561934e089">
<expression href="#ref-71"/>
<CodeStatement_x002B_linePragma xsi:null="1"/>
<CodeStatement_x002B_startDirectives href="#ref-72"/>
<CodeStatement_x002B_endDirectives href="#ref-73"/>
<CodeObject_x002B_userData href="#ref-74"/>
</a1:CodeExpressionStatement>
<a1:CodeExpressionStatement id="ref-18" xmlns:a1="http://schemas.microsoft.com/clr/nsassem/System.CodeDom/System%2C%20Version%3D4.0.0.0%2C%20Culture%3Dneutral%2C%20PublicKeyToken%3Db77a5c561934e089">
<expression href="#ref-75"/>
<CodeStatement_x002B_linePragma xsi:null="1"/>
<CodeStatement_x002B_startDirectives href="#ref-76"/>
<CodeStatement_x002B_endDirectives href="#ref-77"/>
<CodeObject_x002B_userData href="#ref-78"/>
</a1:CodeExpressionStatement>
<a1:CodeExpressionStatement id="ref-19" xmlns:a1="http://schemas.microsoft.com/clr/nsassem/System.CodeDom/System%2C%20Version%3D4.0.0.0%2C%20Culture%3Dneutral%2C%20PublicKeyToken%3Db77a5c561934e089">
<expression href="#ref-79"/>
<CodeStatement_x002B_linePragma xsi:null="1"/>
<CodeStatement_x002B_startDirectives href="#ref-80"/>
<CodeStatement_x002B_endDirectives href="#ref-81"/>
<CodeObject_x002B_userData href="#ref-82"/>
</a1:CodeExpressionStatement>
<a1:CodeMethodInvokeExpression id="ref-20" xmlns:a1="http://schemas.microsoft.com/clr/nsassem/System.CodeDom/System%2C%20Version%3D4.0.0.0%2C%20Culture%3Dneutral%2C%20PublicKeyToken%3Db77a5c561934e089">
<method href="#ref-83"/>
<parameters href="#ref-84"/>
<CodeObject_x002B_userData href="#ref-85"/>
</a1:CodeMethodInvokeExpression>
<a1:CodeDirectiveCollection id="ref-21" xmlns:a1="http://schemas.microsoft.com/clr/nsassem/System.CodeDom/System%2C%20Version%3D4.0.0.0%2C%20Culture%3Dneutral%2C%20PublicKeyToken%3Db77a5c561934e089">
<CollectionBase_x002B_list href="#ref-86"/>
</a1:CodeDirectiveCollection>
<a1:CodeDirectiveCollection id="ref-22" xmlns:a1="http://schemas.microsoft.com/clr/nsassem/System.CodeDom/System%2C%20Version%3D4.0.0.0%2C%20Culture%3Dneutral%2C%20PublicKeyToken%3Db77a5c561934e089">
<CollectionBase_x002B_list href="#ref-87"/>
</a1:CodeDirectiveCollection>
<a4:ListDictionary id="ref-23" xmlns:a4="http://schemas.microsoft.com/clr/nsassem/System.Collections.Specialized/System%2C%20Version%3D4.0.0.0%2C%20Culture%3Dneutral%2C%20PublicKeyToken%3Db77a5c561934e089">
<head xsi:null="1"/>
<version>2</version>
<count>0</count>
<comparer xsi:null="1"/>
</a4:ListDictionary>
<a1:CodeMethodInvokeExpression id="ref-24" xmlns:a1="http://schemas.microsoft.com/clr/nsassem/System.CodeDom/System%2C%20Version%3D4.0.0.0%2C%20Culture%3Dneutral%2C%20PublicKeyToken%3Db77a5c561934e089">
<method href="#ref-88"/>
<parameters href="#ref-89"/>
<CodeObject_x002B_userData href="#ref-90"/>
</a1:CodeMethodInvokeExpression>
<a1:CodeDirectiveCollection id="ref-25" xmlns:a1="http://schemas.microsoft.com/clr/nsassem/System.CodeDom/System%2C%20Version%3D4.0.0.0%2C%20Culture%3Dneutral%2C%20PublicKeyToken%3Db77a5c561934e089">
<CollectionBase_x002B_list href="#ref-91"/>
</a1:CodeDirectiveCollection>
<a1:CodeDirectiveCollection id="ref-26" xmlns:a1="http://schemas.microsoft.com/clr/nsassem/System.CodeDom/System%2C%20Version%3D4.0.0.0%2C%20Culture%3Dneutral%2C%20PublicKeyToken%3Db77a5c561934e089">
<CollectionBase_x002B_list href="#ref-92"/>
</a1:CodeDirectiveCollection>
<a4:ListDictionary id="ref-27" xmlns:a4="http://schemas.microsoft.com/clr/nsassem/System.Collections.Specialized/System%2C%20Version%3D4.0.0.0%2C%20Culture%3Dneutral%2C%20PublicKeyToken%3Db77a5c561934e089">
<head xsi:null="1"/>
<version>2</version>
<count>0</count>
<comparer xsi:null="1"/>
</a4:ListDictionary>
<a1:CodeMethodInvokeExpression id="ref-28" xmlns:a1="http://schemas.microsoft.com/clr/nsassem/System.CodeDom/System%2C%20Version%3D4.0.0.0%2C%20Culture%3Dneutral%2C%20PublicKeyToken%3Db77a5c561934e089">
<method href="#ref-93"/>
<parameters href="#ref-94"/>
<CodeObject_x002B_userData href="#ref-95"/>
</a1:CodeMethodInvokeExpression>
<a1:CodeDirectiveCollection id="ref-29" xmlns:a1="http://schemas.microsoft.com/clr/nsassem/System.CodeDom/System%2C%20Version%3D4.0.0.0%2C%20Culture%3Dneutral%2C%20PublicKeyToken%3Db77a5c561934e089">
<CollectionBase_x002B_list href="#ref-96"/>
</a1:CodeDirectiveCollection>
<a1:CodeDirectiveCollection id="ref-30" xmlns:a1="http://schemas.microsoft.com/clr/nsassem/System.CodeDom/System%2C%20Version%3D4.0.0.0%2C%20Culture%3Dneutral%2C%20PublicKeyToken%3Db77a5c561934e089">
<CollectionBase_x002B_list href="#ref-97"/>
</a1:CodeDirectiveCollection>
<a4:ListDictionary id="ref-31" xmlns:a4="http://schemas.microsoft.com/clr/nsassem/System.Collections.Specialized/System%2C%20Version%3D4.0.0.0%2C%20Culture%3Dneutral%2C%20PublicKeyToken%3Db77a5c561934e089">
<head xsi:null="1"/>
<version>2</version>
<count>0</count>
<comparer xsi:null="1"/>
</a4:ListDictionary>
<a1:CodeComment id="ref-32" xmlns:a1="http://schemas.microsoft.com/clr/nsassem/System.CodeDom/System%2C%20Version%3D4.0.0.0%2C%20Culture%3Dneutral%2C%20PublicKeyToken%3Db77a5c561934e089">
<text id="ref-98"></text>
<docComment>false</docComment>
<CodeObject_x002B_userData href="#ref-99"/>
</a1:CodeComment>
<a1:CodeDirectiveCollection id="ref-33" xmlns:a1="http://schemas.microsoft.com/clr/nsassem/System.CodeDom/System%2C%20Version%3D4.0.0.0%2C%20Culture%3Dneutral%2C%20PublicKeyToken%3Db77a5c561934e089">
<CollectionBase_x002B_list href="#ref-100"/>
</a1:CodeDirectiveCollection>
<a1:CodeDirectiveCollection id="ref-34" xmlns:a1="http://schemas.microsoft.com/clr/nsassem/System.CodeDom/System%2C%20Version%3D4.0.0.0%2C%20Culture%3Dneutral%2C%20PublicKeyToken%3Db77a5c561934e089">
<CollectionBase_x002B_list href="#ref-101"/>
</a1:CodeDirectiveCollection>
<a4:ListDictionary id="ref-35" xmlns:a4="http://schemas.microsoft.com/clr/nsassem/System.Collections.Specialized/System%2C%20Version%3D4.0.0.0%2C%20Culture%3Dneutral%2C%20PublicKeyToken%3Db77a5c561934e089">
<head xsi:null="1"/>
<version>0</version>
<count>0</count>
<comparer xsi:null="1"/>
</a4:ListDictionary>
<a1:CodeComment id="ref-36" xmlns:a1="http://schemas.microsoft.com/clr/nsassem/System.CodeDom/System%2C%20Version%3D4.0.0.0%2C%20Culture%3Dneutral%2C%20PublicKeyToken%3Db77a5c561934e089">
<text id="ref-102">dateTextBox</text>
<docComment>false</docComment>
<CodeObject_x002B_userData href="#ref-103"/>
</a1:CodeComment>
<a1:CodeDirectiveCollection id="ref-37" xmlns:a1="http://schemas.microsoft.com/clr/nsassem/System.CodeDom/System%2C%20Version%3D4.0.0.0%2C%20Culture%3Dneutral%2C%20PublicKeyToken%3Db77a5c561934e089">
<CollectionBase_x002B_list href="#ref-104"/>
</a1:CodeDirectiveCollection>
<a1:CodeDirectiveCollection id="ref-38" xmlns:a1="http://schemas.microsoft.com/clr/nsassem/System.CodeDom/System%2C%20Version%3D4.0.0.0%2C%20Culture%3Dneutral%2C%20PublicKeyToken%3Db77a5c561934e089">
<CollectionBase_x002B_list href="#ref-105"/>
</a1:CodeDirectiveCollection>
<a4:ListDictionary id="ref-39" xmlns:a4="http://schemas.microsoft.com/clr/nsassem/System.Collections.Specialized/System%2C%20Version%3D4.0.0.0%2C%20Culture%3Dneutral%2C%20PublicKeyToken%3Db77a5c561934e089">
<head xsi:null="1"/>
<version>0</version>
<count>0</count>
<comparer xsi:null="1"/>
</a4:ListDictionary>
<a1:CodeComment id="ref-40" xmlns:a1="http://schemas.microsoft.com/clr/nsassem/System.CodeDom/System%2C%20Version%3D4.0.0.0%2C%20Culture%3Dneutral%2C%20PublicKeyToken%3Db77a5c561934e089">
<text href="#ref-98"/>
<docComment>false</docComment>
<CodeObject_x002B_userData href="#ref-106"/>
</a1:CodeComment>
<a1:CodeDirectiveCollection id="ref-41" xmlns:a1="http://schemas.microsoft.com/clr/nsassem/System.CodeDom/System%2C%20Version%3D4.0.0.0%2C%20Culture%3Dneutral%2C%20PublicKeyToken%3Db77a5c561934e089">
<CollectionBase_x002B_list href="#ref-107"/>
</a1:CodeDirectiveCollection>
<a1:CodeDirectiveCollection id="ref-42" xmlns:a1="http://schemas.microsoft.com/clr/nsassem/System.CodeDom/System%2C%20Version%3D4.0.0.0%2C%20Culture%3Dneutral%2C%20PublicKeyToken%3Db77a5c561934e089">
<CollectionBase_x002B_list href="#ref-108"/>
</a1:CodeDirectiveCollection>
<a4:ListDictionary id="ref-43" xmlns:a4="http://schemas.microsoft.com/clr/nsassem/System.Collections.Specialized/System%2C%20Version%3D4.0.0.0%2C%20Culture%3Dneutral%2C%20PublicKeyToken%3Db77a5c561934e089">
<head xsi:null="1"/>
<version>0</version>
<count>0</count>
<comparer xsi:null="1"/>
</a4:ListDictionary>
<a1:CodePropertyReferenceExpression id="ref-44" xmlns:a1="http://schemas.microsoft.com/clr/nsassem/System.CodeDom/System%2C%20Version%3D4.0.0.0%2C%20Culture%3Dneutral%2C%20PublicKeyToken%3Db77a5c561934e089">
<targetObject href="#ref-109"/>
<propertyName id="ref-110">Name</propertyName>
<parameters href="#ref-111"/>
<CodeObject_x002B_userData href="#ref-112"/>
</a1:CodePropertyReferenceExpression>
<a1:CodePrimitiveExpression id="ref-45" xmlns:a1="http://schemas.microsoft.com/clr/nsassem/System.CodeDom/System%2C%20Version%3D4.0.0.0%2C%20Culture%3Dneutral%2C%20PublicKeyToken%3Db77a5c561934e089">
<value href="#ref-102"/>
<CodeObject_x002B_userData href="#ref-113"/>
</a1:CodePrimitiveExpression>
<a1:CodeDirectiveCollection id="ref-46" xmlns:a1="http://schemas.microsoft.com/clr/nsassem/System.CodeDom/System%2C%20Version%3D4.0.0.0%2C%20Culture%3Dneutral%2C%20PublicKeyToken%3Db77a5c561934e089">
<CollectionBase_x002B_list href="#ref-114"/>
</a1:CodeDirectiveCollection>
<a1:CodeDirectiveCollection id="ref-47" xmlns:a1="http://schemas.microsoft.com/clr/nsassem/System.CodeDom/System%2C%20Version%3D4.0.0.0%2C%20Culture%3Dneutral%2C%20PublicKeyToken%3Db77a5c561934e089">
<CollectionBase_x002B_list href="#ref-115"/>
</a1:CodeDirectiveCollection>
<a4:ListDictionary id="ref-48" xmlns:a4="http://schemas.microsoft.com/clr/nsassem/System.Collections.Specialized/System%2C%20Version%3D4.0.0.0%2C%20Culture%3Dneutral%2C%20PublicKeyToken%3Db77a5c561934e089">
<head xsi:null="1"/>
<version>0</version>
<count>0</count>
<comparer xsi:null="1"/>
</a4:ListDictionary>
<a1:CodePropertyReferenceExpression id="ref-49" xmlns:a1="http://schemas.microsoft.com/clr/nsassem/System.CodeDom/System%2C%20Version%3D4.0.0.0%2C%20Culture%3Dneutral%2C%20PublicKeyToken%3Db77a5c561934e089">
<targetObject href="#ref-109"/>
<propertyName id="ref-116">ReadOnly</propertyName>
<parameters href="#ref-117"/>
<CodeObject_x002B_userData href="#ref-118"/>
</a1:CodePropertyReferenceExpression>
<a1:CodePrimitiveExpression id="ref-50" xmlns:a1="http://schemas.microsoft.com/clr/nsassem/System.CodeDom/System%2C%20Version%3D4.0.0.0%2C%20Culture%3Dneutral%2C%20PublicKeyToken%3Db77a5c561934e089">
<value xsi:type="xsd:boolean">true</value>
<CodeObject_x002B_userData href="#ref-119"/>
</a1:CodePrimitiveExpression>
<a1:CodeDirectiveCollection id="ref-51" xmlns:a1="http://schemas.microsoft.com/clr/nsassem/System.CodeDom/System%2C%20Version%3D4.0.0.0%2C%20Culture%3Dneutral%2C%20PublicKeyToken%3Db77a5c561934e089">
<CollectionBase_x002B_list href="#ref-120"/>
</a1:CodeDirectiveCollection>
<a1:CodeDirectiveCollection id="ref-52" xmlns:a1="http://schemas.microsoft.com/clr/nsassem/System.CodeDom/System%2C%20Version%3D4.0.0.0%2C%20Culture%3Dneutral%2C%20PublicKeyToken%3Db77a5c561934e089">
<CollectionBase_x002B_list href="#ref-121"/>
</a1:CodeDirectiveCollection>
<a4:ListDictionary id="ref-53" xmlns:a4="http://schemas.microsoft.com/clr/nsassem/System.Collections.Specialized/System%2C%20Version%3D4.0.0.0%2C%20Culture%3Dneutral%2C%20PublicKeyToken%3Db77a5c561934e089">
<head xsi:null="1"/>
<version>0</version>
<count>0</count>
<comparer xsi:null="1"/>
</a4:ListDictionary>
<a1:CodePropertyReferenceExpression id="ref-54" xmlns:a1="http://schemas.microsoft.com/clr/nsassem/System.CodeDom/System%2C%20Version%3D4.0.0.0%2C%20Culture%3Dneutral%2C%20PublicKeyToken%3Db77a5c561934e089">
<targetObject href="#ref-109"/>
<propertyName id="ref-122">Text</propertyName>
<parameters href="#ref-123"/>
<CodeObject_x002B_userData href="#ref-124"/>
</a1:CodePropertyReferenceExpression>
<a1:CodePrimitiveExpression id="ref-55" xmlns:a1="http://schemas.microsoft.com/clr/nsassem/System.CodeDom/System%2C%20Version%3D4.0.0.0%2C%20Culture%3Dneutral%2C%20PublicKeyToken%3Db77a5c561934e089">
<value id="ref-125" xsi:type="SOAP-ENC:string">&#60;date&#62;</value>
<CodeObject_x002B_userData href="#ref-126"/>
</a1:CodePrimitiveExpression>
<a1:CodeDirectiveCollection id="ref-56" xmlns:a1="http://schemas.microsoft.com/clr/nsassem/System.CodeDom/System%2C%20Version%3D4.0.0.0%2C%20Culture%3Dneutral%2C%20PublicKeyToken%3Db77a5c561934e089">
<CollectionBase_x002B_list href="#ref-127"/>
</a1:CodeDirectiveCollection>
<a1:CodeDirectiveCollection id="ref-57" xmlns:a1="http://schemas.microsoft.com/clr/nsassem/System.CodeDom/System%2C%20Version%3D4.0.0.0%2C%20Culture%3Dneutral%2C%20PublicKeyToken%3Db77a5c561934e089">
<CollectionBase_x002B_list href="#ref-128"/>
</a1:CodeDirectiveCollection>
<a4:ListDictionary id="ref-58" xmlns:a4="http://schemas.microsoft.com/clr/nsassem/System.Collections.Specialized/System%2C%20Version%3D4.0.0.0%2C%20Culture%3Dneutral%2C%20PublicKeyToken%3Db77a5c561934e089">
<head xsi:null="1"/>
<version>0</version>
<count>0</count>
<comparer xsi:null="1"/>
</a4:ListDictionary>
<a1:CodeComment id="ref-59" xmlns:a1="http://schemas.microsoft.com/clr/nsassem/System.CodeDom/System%2C%20Version%3D4.0.0.0%2C%20Culture%3Dneutral%2C%20PublicKeyToken%3Db77a5c561934e089">
<text href="#ref-98"/>
<docComment>false</docComment>
<CodeObject_x002B_userData href="#ref-129"/>
</a1:CodeComment>
<a1:CodeDirectiveCollection id="ref-60" xmlns:a1="http://schemas.microsoft.com/clr/nsassem/System.CodeDom/System%2C%20Version%3D4.0.0.0%2C%20Culture%3Dneutral%2C%20PublicKeyToken%3Db77a5c561934e089">
<CollectionBase_x002B_list href="#ref-130"/>
</a1:CodeDirectiveCollection>
<a1:CodeDirectiveCollection id="ref-61" xmlns:a1="http://schemas.microsoft.com/clr/nsassem/System.CodeDom/System%2C%20Version%3D4.0.0.0%2C%20Culture%3Dneutral%2C%20PublicKeyToken%3Db77a5c561934e089">
<CollectionBase_x002B_list href="#ref-131"/>
</a1:CodeDirectiveCollection>
<a4:ListDictionary id="ref-62" xmlns:a4="http://schemas.microsoft.com/clr/nsassem/System.Collections.Specialized/System%2C%20Version%3D4.0.0.0%2C%20Culture%3Dneutral%2C%20PublicKeyToken%3Db77a5c561934e089">
<head xsi:null="1"/>
<version>0</version>
<count>0</count>
<comparer xsi:null="1"/>
</a4:ListDictionary>
<a1:CodeComment id="ref-63" xmlns:a1="http://schemas.microsoft.com/clr/nsassem/System.CodeDom/System%2C%20Version%3D4.0.0.0%2C%20Culture%3Dneutral%2C%20PublicKeyToken%3Db77a5c561934e089">
<text id="ref-132">Sheet1</text>
<docComment>false</docComment>
<CodeObject_x002B_userData href="#ref-133"/>
</a1:CodeComment>
<a1:CodeDirectiveCollection id="ref-64" xmlns:a1="http://schemas.microsoft.com/clr/nsassem/System.CodeDom/System%2C%20Version%3D4.0.0.0%2C%20Culture%3Dneutral%2C%20PublicKeyToken%3Db77a5c561934e089">
<CollectionBase_x002B_list href="#ref-134"/>
</a1:CodeDirectiveCollection>
<a1:CodeDirectiveCollection id="ref-65" xmlns:a1="http://schemas.microsoft.com/clr/nsassem/System.CodeDom/System%2C%20Version%3D4.0.0.0%2C%20Culture%3Dneutral%2C%20PublicKeyToken%3Db77a5c561934e089">
<CollectionBase_x002B_list href="#ref-135"/>
</a1:CodeDirectiveCollection>
<a4:ListDictionary id="ref-66" xmlns:a4="http://schemas.microsoft.com/clr/nsassem/System.Collections.Specialized/System%2C%20Version%3D4.0.0.0%2C%20Culture%3Dneutral%2C%20PublicKeyToken%3Db77a5c561934e089">
<head xsi:null="1"/>
<version>0</version>
<count>0</count>
<comparer xsi:null="1"/>
</a4:ListDictionary>
<a1:CodeComment id="ref-67" xmlns:a1="http://schemas.microsoft.com/clr/nsassem/System.CodeDom/System%2C%20Version%3D4.0.0.0%2C%20Culture%3Dneutral%2C%20PublicKeyToken%3Db77a5c561934e089">
<text href="#ref-98"/>
<docComment>false</docComment>
<CodeObject_x002B_userData href="#ref-136"/>
</a1:CodeComment>
<a1:CodeDirectiveCollection id="ref-68" xmlns:a1="http://schemas.microsoft.com/clr/nsassem/System.CodeDom/System%2C%20Version%3D4.0.0.0%2C%20Culture%3Dneutral%2C%20PublicKeyToken%3Db77a5c561934e089">
<CollectionBase_x002B_list href="#ref-137"/>
</a1:CodeDirectiveCollection>
<a1:CodeDirectiveCollection id="ref-69" xmlns:a1="http://schemas.microsoft.com/clr/nsassem/System.CodeDom/System%2C%20Version%3D4.0.0.0%2C%20Culture%3Dneutral%2C%20PublicKeyToken%3Db77a5c561934e089">
<CollectionBase_x002B_list href="#ref-138"/>
</a1:CodeDirectiveCollection>
<a4:ListDictionary id="ref-70" xmlns:a4="http://schemas.microsoft.com/clr/nsassem/System.Collections.Specialized/System%2C%20Version%3D4.0.0.0%2C%20Culture%3Dneutral%2C%20PublicKeyToken%3Db77a5c561934e089">
<head xsi:null="1"/>
<version>0</version>
<count>0</count>
<comparer xsi:null="1"/>
</a4:ListDictionary>
<a1:CodeMethodInvokeExpression id="ref-71" xmlns:a1="http://schemas.microsoft.com/clr/nsassem/System.CodeDom/System%2C%20Version%3D4.0.0.0%2C%20Culture%3Dneutral%2C%20PublicKeyToken%3Db77a5c561934e089">
<method href="#ref-139"/>
<parameters href="#ref-140"/>
<CodeObject_x002B_userData href="#ref-141"/>
</a1:CodeMethodInvokeExpression>
<a1:CodeDirectiveCollection id="ref-72" xmlns:a1="http://schemas.microsoft.com/clr/nsassem/System.CodeDom/System%2C%20Version%3D4.0.0.0%2C%20Culture%3Dneutral%2C%20PublicKeyToken%3Db77a5c561934e089">
<CollectionBase_x002B_list href="#ref-142"/>
</a1:CodeDirectiveCollection>
<a1:CodeDirectiveCollection id="ref-73" xmlns:a1="http://schemas.microsoft.com/clr/nsassem/System.CodeDom/System%2C%20Version%3D4.0.0.0%2C%20Culture%3Dneutral%2C%20PublicKeyToken%3Db77a5c561934e089">
<CollectionBase_x002B_list href="#ref-143"/>
</a1:CodeDirectiveCollection>
<a4:ListDictionary id="ref-74" xmlns:a4="http://schemas.microsoft.com/clr/nsassem/System.Collections.Specialized/System%2C%20Version%3D4.0.0.0%2C%20Culture%3Dneutral%2C%20PublicKeyToken%3Db77a5c561934e089">
<head xsi:null="1"/>
<version>2</version>
<count>0</count>
<comparer xsi:null="1"/>
</a4:ListDictionary>
<a1:CodeMethodInvokeExpression id="ref-75" xmlns:a1="http://schemas.microsoft.com/clr/nsassem/System.CodeDom/System%2C%20Version%3D4.0.0.0%2C%20Culture%3Dneutral%2C%20PublicKeyToken%3Db77a5c561934e089">
<method href="#ref-144"/>
<parameters href="#ref-145"/>
<CodeObject_x002B_userData href="#ref-146"/>
</a1:CodeMethodInvokeExpression>
<a1:CodeDirectiveCollection id="ref-76" xmlns:a1="http://schemas.microsoft.com/clr/nsassem/System.CodeDom/System%2C%20Version%3D4.0.0.0%2C%20Culture%3Dneutral%2C%20PublicKeyToken%3Db77a5c561934e089">
<CollectionBase_x002B_list href="#ref-147"/>
</a1:CodeDirectiveCollection>
<a1:CodeDirectiveCollection id="ref-77" xmlns:a1="http://schemas.microsoft.com/clr/nsassem/System.CodeDom/System%2C%20Version%3D4.0.0.0%2C%20Culture%3Dneutral%2C%20PublicKeyToken%3Db77a5c561934e089">
<CollectionBase_x002B_list href="#ref-148"/>
</a1:CodeDirectiveCollection>
<a4:ListDictionary id="ref-78" xmlns:a4="http://schemas.microsoft.com/clr/nsassem/System.Collections.Specialized/System%2C%20Version%3D4.0.0.0%2C%20Culture%3Dneutral%2C%20PublicKeyToken%3Db77a5c561934e089">
<head xsi:null="1"/>
<version>2</version>
<count>0</count>
<comparer xsi:null="1"/>
</a4:ListDictionary>
<a1:CodeMethodInvokeExpression id="ref-79" xmlns:a1="http://schemas.microsoft.com/clr/nsassem/System.CodeDom/System%2C%20Version%3D4.0.0.0%2C%20Culture%3Dneutral%2C%20PublicKeyToken%3Db77a5c561934e089">
<method href="#ref-149"/>
<parameters href="#ref-150"/>
<CodeObject_x002B_userData href="#ref-151"/>
</a1:CodeMethodInvokeExpression>
<a1:CodeDirectiveCollection id="ref-80" xmlns:a1="http://schemas.microsoft.com/clr/nsassem/System.CodeDom/System%2C%20Version%3D4.0.0.0%2C%20Culture%3Dneutral%2C%20PublicKeyToken%3Db77a5c561934e089">
<CollectionBase_x002B_list href="#ref-152"/>
</a1:CodeDirectiveCollection>
<a1:CodeDirectiveCollection id="ref-81" xmlns:a1="http://schemas.microsoft.com/clr/nsassem/System.CodeDom/System%2C%20Version%3D4.0.0.0%2C%20Culture%3Dneutral%2C%20PublicKeyToken%3Db77a5c561934e089">
<CollectionBase_x002B_list href="#ref-153"/>
</a1:CodeDirectiveCollection>
<a4:ListDictionary id="ref-82" xmlns:a4="http://schemas.microsoft.com/clr/nsassem/System.Collections.Specialized/System%2C%20Version%3D4.0.0.0%2C%20Culture%3Dneutral%2C%20PublicKeyToken%3Db77a5c561934e089">
<head xsi:null="1"/>
<version>2</version>
<count>0</count>
<comparer xsi:null="1"/>
</a4:ListDictionary>
<a1:CodeMethodReferenceExpression id="ref-83" xmlns:a1="http://schemas.microsoft.com/clr/nsassem/System.CodeDom/System%2C%20Version%3D4.0.0.0%2C%20Culture%3Dneutral%2C%20PublicKeyToken%3Db77a5c561934e089">
<targetObject href="#ref-154"/>
<methodName id="ref-155">BeginInit</methodName>
<typeArguments href="#ref-156"/>
<CodeObject_x002B_userData href="#ref-157"/>
</a1:CodeMethodReferenceExpression>
<a1:CodeExpressionCollection id="ref-84" xmlns:a1="http://schemas.microsoft.com/clr/nsassem/System.CodeDom/System%2C%20Version%3D4.0.0.0%2C%20Culture%3Dneutral%2C%20PublicKeyToken%3Db77a5c561934e089">
<CollectionBase_x002B_list href="#ref-158"/>
</a1:CodeExpressionCollection>
<a4:ListDictionary id="ref-85" xmlns:a4="http://schemas.microsoft.com/clr/nsassem/System.Collections.Specialized/System%2C%20Version%3D4.0.0.0%2C%20Culture%3Dneutral%2C%20PublicKeyToken%3Db77a5c561934e089">
<head xsi:null="1"/>
<version>0</version>
<count>0</count>
<comparer xsi:null="1"/>
</a4:ListDictionary>
<a2:ArrayList id="ref-86" xmlns:a2="http://schemas.microsoft.com/clr/ns/System.Collections">
<_items href="#ref-159"/>
<_size>0</_size>
<_version>0</_version>
</a2:ArrayList>
<a2:ArrayList id="ref-87" xmlns:a2="http://schemas.microsoft.com/clr/ns/System.Collections">
<_items href="#ref-159"/>
<_size>0</_size>
<_version>0</_version>
</a2:ArrayList>
<a1:CodeMethodReferenceExpression id="ref-88" xmlns:a1="http://schemas.microsoft.com/clr/nsassem/System.CodeDom/System%2C%20Version%3D4.0.0.0%2C%20Culture%3Dneutral%2C%20PublicKeyToken%3Db77a5c561934e089">
<targetObject href="#ref-160"/>
<methodName href="#ref-155"/>
<typeArguments href="#ref-161"/>
<CodeObject_x002B_userData href="#ref-162"/>
</a1:CodeMethodReferenceExpression>
<a1:CodeExpressionCollection id="ref-89" xmlns:a1="http://schemas.microsoft.com/clr/nsassem/System.CodeDom/System%2C%20Version%3D4.0.0.0%2C%20Culture%3Dneutral%2C%20PublicKeyToken%3Db77a5c561934e089">
<CollectionBase_x002B_list href="#ref-163"/>
</a1:CodeExpressionCollection>
<a4:ListDictionary id="ref-90" xmlns:a4="http://schemas.microsoft.com/clr/nsassem/System.Collections.Specialized/System%2C%20Version%3D4.0.0.0%2C%20Culture%3Dneutral%2C%20PublicKeyToken%3Db77a5c561934e089">
<head xsi:null="1"/>
<version>0</version>
<count>0</count>
<comparer xsi:null="1"/>
</a4:ListDictionary>
<a2:ArrayList id="ref-91" xmlns:a2="http://schemas.microsoft.com/clr/ns/System.Collections">
<_items href="#ref-159"/>
<_size>0</_size>
<_version>0</_version>
</a2:ArrayList>
<a2:ArrayList id="ref-92" xmlns:a2="http://schemas.microsoft.com/clr/ns/System.Collections">
<_items href="#ref-159"/>
<_size>0</_size>
<_version>0</_version>
</a2:ArrayList>
<a1:CodeMethodReferenceExpression id="ref-93" xmlns:a1="http://schemas.microsoft.com/clr/nsassem/System.CodeDom/System%2C%20Version%3D4.0.0.0%2C%20Culture%3Dneutral%2C%20PublicKeyToken%3Db77a5c561934e089">
<targetObject href="#ref-164"/>
<methodName href="#ref-155"/>
<typeArguments href="#ref-165"/>
<CodeObject_x002B_userData href="#ref-166"/>
</a1:CodeMethodReferenceExpression>
<a1:CodeExpressionCollection id="ref-94" xmlns:a1="http://schemas.microsoft.com/clr/nsassem/System.CodeDom/System%2C%20Version%3D4.0.0.0%2C%20Culture%3Dneutral%2C%20PublicKeyToken%3Db77a5c561934e089">
<CollectionBase_x002B_list href="#ref-167"/>
</a1:CodeExpressionCollection>
<a4:ListDictionary id="ref-95" xmlns:a4="http://schemas.microsoft.com/clr/nsassem/System.Collections.Specialized/System%2C%20Version%3D4.0.0.0%2C%20Culture%3Dneutral%2C%20PublicKeyToken%3Db77a5c561934e089">
<head xsi:null="1"/>
<version>0</version>
<count>0</count>
<comparer xsi:null="1"/>
</a4:ListDictionary>
<a2:ArrayList id="ref-96" xmlns:a2="http://schemas.microsoft.com/clr/ns/System.Collections">
<_items href="#ref-159"/>
<_size>0</_size>
<_version>0</_version>
</a2:ArrayList>
<a2:ArrayList id="ref-97" xmlns:a2="http://schemas.microsoft.com/clr/ns/System.Collections">
<_items href="#ref-159"/>
<_size>0</_size>
<_version>0</_version>
</a2:ArrayList>
<a4:ListDictionary id="ref-99" xmlns:a4="http://schemas.microsoft.com/clr/nsassem/System.Collections.Specialized/System%2C%20Version%3D4.0.0.0%2C%20Culture%3Dneutral%2C%20PublicKeyToken%3Db77a5c561934e089">
<head xsi:null="1"/>
<version>0</version>
<count>0</count>
<comparer xsi:null="1"/>
</a4:ListDictionary>
<a2:ArrayList id="ref-100" xmlns:a2="http://schemas.microsoft.com/clr/ns/System.Collections">
<_items href="#ref-159"/>
<_size>0</_size>
<_version>0</_version>
</a2:ArrayList>
<a2:ArrayList id="ref-101" xmlns:a2="http://schemas.microsoft.com/clr/ns/System.Collections">
<_items href="#ref-159"/>
<_size>0</_size>
<_version>0</_version>
</a2:ArrayList>
<a4:ListDictionary id="ref-103" xmlns:a4="http://schemas.microsoft.com/clr/nsassem/System.Collections.Specialized/System%2C%20Version%3D4.0.0.0%2C%20Culture%3Dneutral%2C%20PublicKeyToken%3Db77a5c561934e089">
<head xsi:null="1"/>
<version>0</version>
<count>0</count>
<comparer xsi:null="1"/>
</a4:ListDictionary>
<a2:ArrayList id="ref-104" xmlns:a2="http://schemas.microsoft.com/clr/ns/System.Collections">
<_items href="#ref-159"/>
<_size>0</_size>
<_version>0</_version>
</a2:ArrayList>
<a2:ArrayList id="ref-105" xmlns:a2="http://schemas.microsoft.com/clr/ns/System.Collections">
<_items href="#ref-159"/>
<_size>0</_size>
<_version>0</_version>
</a2:ArrayList>
<a4:ListDictionary id="ref-106" xmlns:a4="http://schemas.microsoft.com/clr/nsassem/System.Collections.Specialized/System%2C%20Version%3D4.0.0.0%2C%20Culture%3Dneutral%2C%20PublicKeyToken%3Db77a5c561934e089">
<head xsi:null="1"/>
<version>0</version>
<count>0</count>
<comparer xsi:null="1"/>
</a4:ListDictionary>
<a2:ArrayList id="ref-107" xmlns:a2="http://schemas.microsoft.com/clr/ns/System.Collections">
<_items href="#ref-159"/>
<_size>0</_size>
<_version>0</_version>
</a2:ArrayList>
<a2:ArrayList id="ref-108" xmlns:a2="http://schemas.microsoft.com/clr/ns/System.Collections">
<_items href="#ref-159"/>
<_size>0</_size>
<_version>0</_version>
</a2:ArrayList>
<a1:CodeFieldReferenceExpression id="ref-109" xmlns:a1="http://schemas.microsoft.com/clr/nsassem/System.CodeDom/System%2C%20Version%3D4.0.0.0%2C%20Culture%3Dneutral%2C%20PublicKeyToken%3Db77a5c561934e089">
<targetObject href="#ref-168"/>
<fieldName href="#ref-102"/>
<CodeObject_x002B_userData href="#ref-169"/>
</a1:CodeFieldReferenceExpression>
<a1:CodeExpressionCollection id="ref-111" xmlns:a1="http://schemas.microsoft.com/clr/nsassem/System.CodeDom/System%2C%20Version%3D4.0.0.0%2C%20Culture%3Dneutral%2C%20PublicKeyToken%3Db77a5c561934e089">
<CollectionBase_x002B_list href="#ref-170"/>
</a1:CodeExpressionCollection>
<a4:ListDictionary id="ref-112" xmlns:a4="http://schemas.microsoft.com/clr/nsassem/System.Collections.Specialized/System%2C%20Version%3D4.0.0.0%2C%20Culture%3Dneutral%2C%20PublicKeyToken%3Db77a5c561934e089">
<head xsi:null="1"/>
<version>0</version>
<count>0</count>
<comparer xsi:null="1"/>
</a4:ListDictionary>
<a4:ListDictionary id="ref-113" xmlns:a4="http://schemas.microsoft.com/clr/nsassem/System.Collections.Specialized/System%2C%20Version%3D4.0.0.0%2C%20Culture%3Dneutral%2C%20PublicKeyToken%3Db77a5c561934e089">
<head xsi:null="1"/>
<version>0</version>
<count>0</count>
<comparer xsi:null="1"/>
</a4:ListDictionary>
<a2:ArrayList id="ref-114" xmlns:a2="http://schemas.microsoft.com/clr/ns/System.Collections">
<_items href="#ref-159"/>
<_size>0</_size>
<_version>0</_version>
</a2:ArrayList>
<a2:ArrayList id="ref-115" xmlns:a2="http://schemas.microsoft.com/clr/ns/System.Collections">
<_items href="#ref-159"/>
<_size>0</_size>
<_version>0</_version>
</a2:ArrayList>
<a1:CodeExpressionCollection id="ref-117" xmlns:a1="http://schemas.microsoft.com/clr/nsassem/System.CodeDom/System%2C%20Version%3D4.0.0.0%2C%20Culture%3Dneutral%2C%20PublicKeyToken%3Db77a5c561934e089">
<CollectionBase_x002B_list href="#ref-171"/>
</a1:CodeExpressionCollection>
<a4:ListDictionary id="ref-118" xmlns:a4="http://schemas.microsoft.com/clr/nsassem/System.Collections.Specialized/System%2C%20Version%3D4.0.0.0%2C%20Culture%3Dneutral%2C%20PublicKeyToken%3Db77a5c561934e089">
<head xsi:null="1"/>
<version>0</version>
<count>0</count>
<comparer xsi:null="1"/>
</a4:ListDictionary>
<a4:ListDictionary id="ref-119" xmlns:a4="http://schemas.microsoft.com/clr/nsassem/System.Collections.Specialized/System%2C%20Version%3D4.0.0.0%2C%20Culture%3Dneutral%2C%20PublicKeyToken%3Db77a5c561934e089">
<head xsi:null="1"/>
<version>0</version>
<count>0</count>
<comparer xsi:null="1"/>
</a4:ListDictionary>
<a2:ArrayList id="ref-120" xmlns:a2="http://schemas.microsoft.com/clr/ns/System.Collections">
<_items href="#ref-159"/>
<_size>0</_size>
<_version>0</_version>
</a2:ArrayList>
<a2:ArrayList id="ref-121" xmlns:a2="http://schemas.microsoft.com/clr/ns/System.Collections">
<_items href="#ref-159"/>
<_size>0</_size>
<_version>0</_version>
</a2:ArrayList>
<a1:CodeExpressionCollection id="ref-123" xmlns:a1="http://schemas.microsoft.com/clr/nsassem/System.CodeDom/System%2C%20Version%3D4.0.0.0%2C%20Culture%3Dneutral%2C%20PublicKeyToken%3Db77a5c561934e089">
<CollectionBase_x002B_list href="#ref-172"/>
</a1:CodeExpressionCollection>
<a4:ListDictionary id="ref-124" xmlns:a4="http://schemas.microsoft.com/clr/nsassem/System.Collections.Specialized/System%2C%20Version%3D4.0.0.0%2C%20Culture%3Dneutral%2C%20PublicKeyToken%3Db77a5c561934e089">
<head xsi:null="1"/>
<version>0</version>
<count>0</count>
<comparer xsi:null="1"/>
</a4:ListDictionary>
<a4:ListDictionary id="ref-126" xmlns:a4="http://schemas.microsoft.com/clr/nsassem/System.Collections.Specialized/System%2C%20Version%3D4.0.0.0%2C%20Culture%3Dneutral%2C%20PublicKeyToken%3Db77a5c561934e089">
<head xsi:null="1"/>
<version>0</version>
<count>0</count>
<comparer xsi:null="1"/>
</a4:ListDictionary>
<a2:ArrayList id="ref-127" xmlns:a2="http://schemas.microsoft.com/clr/ns/System.Collections">
<_items href="#ref-159"/>
<_size>0</_size>
<_version>0</_version>
</a2:ArrayList>
<a2:ArrayList id="ref-128" xmlns:a2="http://schemas.microsoft.com/clr/ns/System.Collections">
<_items href="#ref-159"/>
<_size>0</_size>
<_version>0</_version>
</a2:ArrayList>
<a4:ListDictionary id="ref-129" xmlns:a4="http://schemas.microsoft.com/clr/nsassem/System.Collections.Specialized/System%2C%20Version%3D4.0.0.0%2C%20Culture%3Dneutral%2C%20PublicKeyToken%3Db77a5c561934e089">
<head xsi:null="1"/>
<version>0</version>
<count>0</count>
<comparer xsi:null="1"/>
</a4:ListDictionary>
<a2:ArrayList id="ref-130" xmlns:a2="http://schemas.microsoft.com/clr/ns/System.Collections">
<_items href="#ref-159"/>
<_size>0</_size>
<_version>0</_version>
</a2:ArrayList>
<a2:ArrayList id="ref-131" xmlns:a2="http://schemas.microsoft.com/clr/ns/System.Collections">
<_items href="#ref-159"/>
<_size>0</_size>
<_version>0</_version>
</a2:ArrayList>
<a4:ListDictionary id="ref-133" xmlns:a4="http://schemas.microsoft.com/clr/nsassem/System.Collections.Specialized/System%2C%20Version%3D4.0.0.0%2C%20Culture%3Dneutral%2C%20PublicKeyToken%3Db77a5c561934e089">
<head xsi:null="1"/>
<version>0</version>
<count>0</count>
<comparer xsi:null="1"/>
</a4:ListDictionary>
<a2:ArrayList id="ref-134" xmlns:a2="http://schemas.microsoft.com/clr/ns/System.Collections">
<_items href="#ref-159"/>
<_size>0</_size>
<_version>0</_version>
</a2:ArrayList>
<a2:ArrayList id="ref-135" xmlns:a2="http://schemas.microsoft.com/clr/ns/System.Collections">
<_items href="#ref-159"/>
<_size>0</_size>
<_version>0</_version>
</a2:ArrayList>
<a4:ListDictionary id="ref-136" xmlns:a4="http://schemas.microsoft.com/clr/nsassem/System.Collections.Specialized/System%2C%20Version%3D4.0.0.0%2C%20Culture%3Dneutral%2C%20PublicKeyToken%3Db77a5c561934e089">
<head xsi:null="1"/>
<version>0</version>
<count>0</count>
<comparer xsi:null="1"/>
</a4:ListDictionary>
<a2:ArrayList id="ref-137" xmlns:a2="http://schemas.microsoft.com/clr/ns/System.Collections">
<_items href="#ref-159"/>
<_size>0</_size>
<_version>0</_version>
</a2:ArrayList>
<a2:ArrayList id="ref-138" xmlns:a2="http://schemas.microsoft.com/clr/ns/System.Collections">
<_items href="#ref-159"/>
<_size>0</_size>
<_version>0</_version>
</a2:ArrayList>
<a1:CodeMethodReferenceExpression id="ref-139" xmlns:a1="http://schemas.microsoft.com/clr/nsassem/System.CodeDom/System%2C%20Version%3D4.0.0.0%2C%20Culture%3Dneutral%2C%20PublicKeyToken%3Db77a5c561934e089">
<targetObject href="#ref-173"/>
<methodName id="ref-174">EndInit</methodName>
<typeArguments href="#ref-175"/>
<CodeObject_x002B_userData href="#ref-176"/>
</a1:CodeMethodReferenceExpression>
<a1:CodeExpressionCollection id="ref-140" xmlns:a1="http://schemas.microsoft.com/clr/nsassem/System.CodeDom/System%2C%20Version%3D4.0.0.0%2C%20Culture%3Dneutral%2C%20PublicKeyToken%3Db77a5c561934e089">
<CollectionBase_x002B_list href="#ref-177"/>
</a1:CodeExpressionCollection>
<a4:ListDictionary id="ref-141" xmlns:a4="http://schemas.microsoft.com/clr/nsassem/System.Collections.Specialized/System%2C%20Version%3D4.0.0.0%2C%20Culture%3Dneutral%2C%20PublicKeyToken%3Db77a5c561934e089">
<head xsi:null="1"/>
<version>0</version>
<count>0</count>
<comparer xsi:null="1"/>
</a4:ListDictionary>
<a2:ArrayList id="ref-142" xmlns:a2="http://schemas.microsoft.com/clr/ns/System.Collections">
<_items href="#ref-159"/>
<_size>0</_size>
<_version>0</_version>
</a2:ArrayList>
<a2:ArrayList id="ref-143" xmlns:a2="http://schemas.microsoft.com/clr/ns/System.Collections">
<_items href="#ref-159"/>
<_size>0</_size>
<_version>0</_version>
</a2:ArrayList>
<a1:CodeMethodReferenceExpression id="ref-144" xmlns:a1="http://schemas.microsoft.com/clr/nsassem/System.CodeDom/System%2C%20Version%3D4.0.0.0%2C%20Culture%3Dneutral%2C%20PublicKeyToken%3Db77a5c561934e089">
<targetObject href="#ref-178"/>
<methodName href="#ref-174"/>
<typeArguments href="#ref-179"/>
<CodeObject_x002B_userData href="#ref-180"/>
</a1:CodeMethodReferenceExpression>
<a1:CodeExpressionCollection id="ref-145" xmlns:a1="http://schemas.microsoft.com/clr/nsassem/System.CodeDom/System%2C%20Version%3D4.0.0.0%2C%20Culture%3Dneutral%2C%20PublicKeyToken%3Db77a5c561934e089">
<CollectionBase_x002B_list href="#ref-181"/>
</a1:CodeExpressionCollection>
<a4:ListDictionary id="ref-146" xmlns:a4="http://schemas.microsoft.com/clr/nsassem/System.Collections.Specialized/System%2C%20Version%3D4.0.0.0%2C%20Culture%3Dneutral%2C%20PublicKeyToken%3Db77a5c561934e089">
<head xsi:null="1"/>
<version>0</version>
<count>0</count>
<comparer xsi:null="1"/>
</a4:ListDictionary>
<a2:ArrayList id="ref-147" xmlns:a2="http://schemas.microsoft.com/clr/ns/System.Collections">
<_items href="#ref-159"/>
<_size>0</_size>
<_version>0</_version>
</a2:ArrayList>
<a2:ArrayList id="ref-148" xmlns:a2="http://schemas.microsoft.com/clr/ns/System.Collections">
<_items href="#ref-159"/>
<_size>0</_size>
<_version>0</_version>
</a2:ArrayList>
<a1:CodeMethodReferenceExpression id="ref-149" xmlns:a1="http://schemas.microsoft.com/clr/nsassem/System.CodeDom/System%2C%20Version%3D4.0.0.0%2C%20Culture%3Dneutral%2C%20PublicKeyToken%3Db77a5c561934e089">
<targetObject href="#ref-182"/>
<methodName href="#ref-174"/>
<typeArguments href="#ref-183"/>
<CodeObject_x002B_userData href="#ref-184"/>
</a1:CodeMethodReferenceExpression>
<a1:CodeExpressionCollection id="ref-150" xmlns:a1="http://schemas.microsoft.com/clr/nsassem/System.CodeDom/System%2C%20Version%3D4.0.0.0%2C%20Culture%3Dneutral%2C%20PublicKeyToken%3Db77a5c561934e089">
<CollectionBase_x002B_list href="#ref-185"/>
</a1:CodeExpressionCollection>
<a4:ListDictionary id="ref-151" xmlns:a4="http://schemas.microsoft.com/clr/nsassem/System.Collections.Specialized/System%2C%20Version%3D4.0.0.0%2C%20Culture%3Dneutral%2C%20PublicKeyToken%3Db77a5c561934e089">
<head xsi:null="1"/>
<version>0</version>
<count>0</count>
<comparer xsi:null="1"/>
</a4:ListDictionary>
<a2:ArrayList id="ref-152" xmlns:a2="http://schemas.microsoft.com/clr/ns/System.Collections">
<_items href="#ref-159"/>
<_size>0</_size>
<_version>0</_version>
</a2:ArrayList>
<a2:ArrayList id="ref-153" xmlns:a2="http://schemas.microsoft.com/clr/ns/System.Collections">
<_items href="#ref-159"/>
<_size>0</_size>
<_version>0</_version>
</a2:ArrayList>
<a1:CodeCastExpression id="ref-154" xmlns:a1="http://schemas.microsoft.com/clr/nsassem/System.CodeDom/System%2C%20Version%3D4.0.0.0%2C%20Culture%3Dneutral%2C%20PublicKeyToken%3Db77a5c561934e089">
<targetType href="#ref-186"/>
<expression href="#ref-187"/>
<CodeObject_x002B_userData href="#ref-188"/>
</a1:CodeCastExpression>
<a1:CodeTypeReferenceCollection id="ref-156" xmlns:a1="http://schemas.microsoft.com/clr/nsassem/System.CodeDom/System%2C%20Version%3D4.0.0.0%2C%20Culture%3Dneutral%2C%20PublicKeyToken%3Db77a5c561934e089">
<CollectionBase_x002B_list href="#ref-189"/>
</a1:CodeTypeReferenceCollection>
<a4:ListDictionary id="ref-157" xmlns:a4="http://schemas.microsoft.com/clr/nsassem/System.Collections.Specialized/System%2C%20Version%3D4.0.0.0%2C%20Culture%3Dneutral%2C%20PublicKeyToken%3Db77a5c561934e089">
<head xsi:null="1"/>
<version>0</version>
<count>0</count>
<comparer xsi:null="1"/>
</a4:ListDictionary>
<a2:ArrayList id="ref-158" xmlns:a2="http://schemas.microsoft.com/clr/ns/System.Collections">
<_items href="#ref-159"/>
<_size>0</_size>
<_version>0</_version>
</a2:ArrayList>
<SOAP-ENC:Array id="ref-159" SOAP-ENC:arrayType="xsd:anyType[0]">
</SOAP-ENC:Array>
<a1:CodeCastExpression id="ref-160" xmlns:a1="http://schemas.microsoft.com/clr/nsassem/System.CodeDom/System%2C%20Version%3D4.0.0.0%2C%20Culture%3Dneutral%2C%20PublicKeyToken%3Db77a5c561934e089">
<targetType href="#ref-190"/>
<expression href="#ref-191"/>
<CodeObject_x002B_userData href="#ref-192"/>
</a1:CodeCastExpression>
<a1:CodeTypeReferenceCollection id="ref-161" xmlns:a1="http://schemas.microsoft.com/clr/nsassem/System.CodeDom/System%2C%20Version%3D4.0.0.0%2C%20Culture%3Dneutral%2C%20PublicKeyToken%3Db77a5c561934e089">
<CollectionBase_x002B_list href="#ref-193"/>
</a1:CodeTypeReferenceCollection>
<a4:ListDictionary id="ref-162" xmlns:a4="http://schemas.microsoft.com/clr/nsassem/System.Collections.Specialized/System%2C%20Version%3D4.0.0.0%2C%20Culture%3Dneutral%2C%20PublicKeyToken%3Db77a5c561934e089">
<head xsi:null="1"/>
<version>0</version>
<count>0</count>
<comparer xsi:null="1"/>
</a4:ListDictionary>
<a2:ArrayList id="ref-163" xmlns:a2="http://schemas.microsoft.com/clr/ns/System.Collections">
<_items href="#ref-159"/>
<_size>0</_size>
<_version>0</_version>
</a2:ArrayList>
<a1:CodeCastExpression id="ref-164" xmlns:a1="http://schemas.microsoft.com/clr/nsassem/System.CodeDom/System%2C%20Version%3D4.0.0.0%2C%20Culture%3Dneutral%2C%20PublicKeyToken%3Db77a5c561934e089">
<targetType href="#ref-194"/>
<expression href="#ref-168"/>
<CodeObject_x002B_userData href="#ref-195"/>
</a1:CodeCastExpression>
<a1:CodeTypeReferenceCollection id="ref-165" xmlns:a1="http://schemas.microsoft.com/clr/nsassem/System.CodeDom/System%2C%20Version%3D4.0.0.0%2C%20Culture%3Dneutral%2C%20PublicKeyToken%3Db77a5c561934e089">
<CollectionBase_x002B_list href="#ref-196"/>
</a1:CodeTypeReferenceCollection>
<a4:ListDictionary id="ref-166" xmlns:a4="http://schemas.microsoft.com/clr/nsassem/System.Collections.Specialized/System%2C%20Version%3D4.0.0.0%2C%20Culture%3Dneutral%2C%20PublicKeyToken%3Db77a5c561934e089">
<head xsi:null="1"/>
<version>0</version>
<count>0</count>
<comparer xsi:null="1"/>
</a4:ListDictionary>
<a2:ArrayList id="ref-167" xmlns:a2="http://schemas.microsoft.com/clr/ns/System.Collections">
<_items href="#ref-159"/>
<_size>0</_size>
<_version>0</_version>
</a2:ArrayList>
<a1:CodeThisReferenceExpression id="ref-168" xmlns:a1="http://schemas.microsoft.com/clr/nsassem/System.CodeDom/System%2C%20Version%3D4.0.0.0%2C%20Culture%3Dneutral%2C%20PublicKeyToken%3Db77a5c561934e089">
<CodeObject_x002B_userData href="#ref-197"/>
</a1:CodeThisReferenceExpression>
<a4:ListDictionary id="ref-169" xmlns:a4="http://schemas.microsoft.com/clr/nsassem/System.Collections.Specialized/System%2C%20Version%3D4.0.0.0%2C%20Culture%3Dneutral%2C%20PublicKeyToken%3Db77a5c561934e089">
<head xsi:null="1"/>
<version>0</version>
<count>0</count>
<comparer xsi:null="1"/>
</a4:ListDictionary>
<a2:ArrayList id="ref-170" xmlns:a2="http://schemas.microsoft.com/clr/ns/System.Collections">
<_items href="#ref-159"/>
<_size>0</_size>
<_version>0</_version>
</a2:ArrayList>
<a2:ArrayList id="ref-171" xmlns:a2="http://schemas.microsoft.com/clr/ns/System.Collections">
<_items href="#ref-159"/>
<_size>0</_size>
<_version>0</_version>
</a2:ArrayList>
<a2:ArrayList id="ref-172" xmlns:a2="http://schemas.microsoft.com/clr/ns/System.Collections">
<_items href="#ref-159"/>
<_size>0</_size>
<_version>0</_version>
</a2:ArrayList>
<a1:CodeCastExpression id="ref-173" xmlns:a1="http://schemas.microsoft.com/clr/nsassem/System.CodeDom/System%2C%20Version%3D4.0.0.0%2C%20Culture%3Dneutral%2C%20PublicKeyToken%3Db77a5c561934e089">
<targetType href="#ref-198"/>
<expression href="#ref-187"/>
<CodeObject_x002B_userData href="#ref-199"/>
</a1:CodeCastExpression>
<a1:CodeTypeReferenceCollection id="ref-175" xmlns:a1="http://schemas.microsoft.com/clr/nsassem/System.CodeDom/System%2C%20Version%3D4.0.0.0%2C%20Culture%3Dneutral%2C%20PublicKeyToken%3Db77a5c561934e089">
<CollectionBase_x002B_list href="#ref-200"/>
</a1:CodeTypeReferenceCollection>
<a4:ListDictionary id="ref-176" xmlns:a4="http://schemas.microsoft.com/clr/nsassem/System.Collections.Specialized/System%2C%20Version%3D4.0.0.0%2C%20Culture%3Dneutral%2C%20PublicKeyToken%3Db77a5c561934e089">
<head xsi:null="1"/>
<version>0</version>
<count>0</count>
<comparer xsi:null="1"/>
</a4:ListDictionary>
<a2:ArrayList id="ref-177" xmlns:a2="http://schemas.microsoft.com/clr/ns/System.Collections">
<_items href="#ref-159"/>
<_size>0</_size>
<_version>0</_version>
</a2:ArrayList>
<a1:CodeCastExpression id="ref-178" xmlns:a1="http://schemas.microsoft.com/clr/nsassem/System.CodeDom/System%2C%20Version%3D4.0.0.0%2C%20Culture%3Dneutral%2C%20PublicKeyToken%3Db77a5c561934e089">
<targetType href="#ref-201"/>
<expression href="#ref-191"/>
<CodeObject_x002B_userData href="#ref-202"/>
</a1:CodeCastExpression>
<a1:CodeTypeReferenceCollection id="ref-179" xmlns:a1="http://schemas.microsoft.com/clr/nsassem/System.CodeDom/System%2C%20Version%3D4.0.0.0%2C%20Culture%3Dneutral%2C%20PublicKeyToken%3Db77a5c561934e089">
<CollectionBase_x002B_list href="#ref-203"/>
</a1:CodeTypeReferenceCollection>
<a4:ListDictionary id="ref-180" xmlns:a4="http://schemas.microsoft.com/clr/nsassem/System.Collections.Specialized/System%2C%20Version%3D4.0.0.0%2C%20Culture%3Dneutral%2C%20PublicKeyToken%3Db77a5c561934e089">
<head xsi:null="1"/>
<version>0</version>
<count>0</count>
<comparer xsi:null="1"/>
</a4:ListDictionary>
<a2:ArrayList id="ref-181" xmlns:a2="http://schemas.microsoft.com/clr/ns/System.Collections">
<_items href="#ref-159"/>
<_size>0</_size>
<_version>0</_version>
</a2:ArrayList>
<a1:CodeCastExpression id="ref-182" xmlns:a1="http://schemas.microsoft.com/clr/nsassem/System.CodeDom/System%2C%20Version%3D4.0.0.0%2C%20Culture%3Dneutral%2C%20PublicKeyToken%3Db77a5c561934e089">
<targetType href="#ref-204"/>
<expression href="#ref-168"/>
<CodeObject_x002B_userData href="#ref-205"/>
</a1:CodeCastExpression>
<a1:CodeTypeReferenceCollection id="ref-183" xmlns:a1="http://schemas.microsoft.com/clr/nsassem/System.CodeDom/System%2C%20Version%3D4.0.0.0%2C%20Culture%3Dneutral%2C%20PublicKeyToken%3Db77a5c561934e089">
<CollectionBase_x002B_list href="#ref-206"/>
</a1:CodeTypeReferenceCollection>
<a4:ListDictionary id="ref-184" xmlns:a4="http://schemas.microsoft.com/clr/nsassem/System.Collections.Specialized/System%2C%20Version%3D4.0.0.0%2C%20Culture%3Dneutral%2C%20PublicKeyToken%3Db77a5c561934e089">
<head xsi:null="1"/>
<version>0</version>
<count>0</count>
<comparer xsi:null="1"/>
</a4:ListDictionary>
<a2:ArrayList id="ref-185" xmlns:a2="http://schemas.microsoft.com/clr/ns/System.Collections">
<_items href="#ref-159"/>
<_size>0</_size>
<_version>0</_version>
</a2:ArrayList>
<a1:CodeTypeReference id="ref-186" xmlns:a1="http://schemas.microsoft.com/clr/nsassem/System.CodeDom/System%2C%20Version%3D4.0.0.0%2C%20Culture%3Dneutral%2C%20PublicKeyToken%3Db77a5c561934e089">
<baseType id="ref-207">System.ComponentModel.ISupportInitialize</baseType>
<isInterface>true</isInterface>
<arrayRank>0</arrayRank>
<arrayElementType xsi:null="1"/>
<typeArguments href="#ref-208"/>
<referenceOptions>0</referenceOptions>
<needsFixup>true</needsFixup>
<CodeObject_x002B_userData href="#ref-209"/>
</a1:CodeTypeReference>
<a1:CodeFieldReferenceExpression id="ref-187" xmlns:a1="http://schemas.microsoft.com/clr/nsassem/System.CodeDom/System%2C%20Version%3D4.0.0.0%2C%20Culture%3Dneutral%2C%20PublicKeyToken%3Db77a5c561934e089">
<targetObject href="#ref-168"/>
<fieldName id="ref-210">customerListObject</fieldName>
<CodeObject_x002B_userData href="#ref-211"/>
</a1:CodeFieldReferenceExpression>
<a4:ListDictionary id="ref-188" xmlns:a4="http://schemas.microsoft.com/clr/nsassem/System.Collections.Specialized/System%2C%20Version%3D4.0.0.0%2C%20Culture%3Dneutral%2C%20PublicKeyToken%3Db77a5c561934e089">
<head xsi:null="1"/>
<version>0</version>
<count>0</count>
<comparer xsi:null="1"/>
</a4:ListDictionary>
<a2:ArrayList id="ref-189" xmlns:a2="http://schemas.microsoft.com/clr/ns/System.Collections">
<_items href="#ref-159"/>
<_size>0</_size>
<_version>0</_version>
</a2:ArrayList>
<a1:CodeTypeReference id="ref-190" xmlns:a1="http://schemas.microsoft.com/clr/nsassem/System.CodeDom/System%2C%20Version%3D4.0.0.0%2C%20Culture%3Dneutral%2C%20PublicKeyToken%3Db77a5c561934e089">
<baseType id="ref-212">System.ComponentModel.ISupportInitialize</baseType>
<isInterface>true</isInterface>
<arrayRank>0</arrayRank>
<arrayElementType xsi:null="1"/>
<typeArguments href="#ref-213"/>
<referenceOptions>0</referenceOptions>
<needsFixup>true</needsFixup>
<CodeObject_x002B_userData href="#ref-214"/>
</a1:CodeTypeReference>
<a1:CodeFieldReferenceExpression id="ref-191" xmlns:a1="http://schemas.microsoft.com/clr/nsassem/System.CodeDom/System%2C%20Version%3D4.0.0.0%2C%20Culture%3Dneutral%2C%20PublicKeyToken%3Db77a5c561934e089">
<targetObject href="#ref-168"/>
<fieldName id="ref-215">dateNamedRange</fieldName>
<CodeObject_x002B_userData href="#ref-216"/>
</a1:CodeFieldReferenceExpression>
<a4:ListDictionary id="ref-192" xmlns:a4="http://schemas.microsoft.com/clr/nsassem/System.Collections.Specialized/System%2C%20Version%3D4.0.0.0%2C%20Culture%3Dneutral%2C%20PublicKeyToken%3Db77a5c561934e089">
<head xsi:null="1"/>
<version>0</version>
<count>0</count>
<comparer xsi:null="1"/>
</a4:ListDictionary>
<a2:ArrayList id="ref-193" xmlns:a2="http://schemas.microsoft.com/clr/ns/System.Collections">
<_items href="#ref-159"/>
<_size>0</_size>
<_version>0</_version>
</a2:ArrayList>
<a1:CodeTypeReference id="ref-194" xmlns:a1="http://schemas.microsoft.com/clr/nsassem/System.CodeDom/System%2C%20Version%3D4.0.0.0%2C%20Culture%3Dneutral%2C%20PublicKeyToken%3Db77a5c561934e089">
<baseType id="ref-217">System.ComponentModel.ISupportInitialize</baseType>
<isInterface>true</isInterface>
<arrayRank>0</arrayRank>
<arrayElementType xsi:null="1"/>
<typeArguments href="#ref-218"/>
<referenceOptions>0</referenceOptions>
<needsFixup>true</needsFixup>
<CodeObject_x002B_userData href="#ref-219"/>
</a1:CodeTypeReference>
<a4:ListDictionary id="ref-195" xmlns:a4="http://schemas.microsoft.com/clr/nsassem/System.Collections.Specialized/System%2C%20Version%3D4.0.0.0%2C%20Culture%3Dneutral%2C%20PublicKeyToken%3Db77a5c561934e089">
<head xsi:null="1"/>
<version>0</version>
<count>0</count>
<comparer xsi:null="1"/>
</a4:ListDictionary>
<a2:ArrayList id="ref-196" xmlns:a2="http://schemas.microsoft.com/clr/ns/System.Collections">
<_items href="#ref-159"/>
<_size>0</_size>
<_version>0</_version>
</a2:ArrayList>
<a4:ListDictionary id="ref-197" xmlns:a4="http://schemas.microsoft.com/clr/nsassem/System.Collections.Specialized/System%2C%20Version%3D4.0.0.0%2C%20Culture%3Dneutral%2C%20PublicKeyToken%3Db77a5c561934e089">
<head xsi:null="1"/>
<version>0</version>
<count>0</count>
<comparer xsi:null="1"/>
</a4:ListDictionary>
<a1:CodeTypeReference id="ref-198" xmlns:a1="http://schemas.microsoft.com/clr/nsassem/System.CodeDom/System%2C%20Version%3D4.0.0.0%2C%20Culture%3Dneutral%2C%20PublicKeyToken%3Db77a5c561934e089">
<baseType id="ref-220">System.ComponentModel.ISupportInitialize</baseType>
<isInterface>true</isInterface>
<arrayRank>0</arrayRank>
<arrayElementType xsi:null="1"/>
<typeArguments href="#ref-221"/>
<referenceOptions>0</referenceOptions>
<needsFixup>true</needsFixup>
<CodeObject_x002B_userData href="#ref-222"/>
</a1:CodeTypeReference>
<a4:ListDictionary id="ref-199" xmlns:a4="http://schemas.microsoft.com/clr/nsassem/System.Collections.Specialized/System%2C%20Version%3D4.0.0.0%2C%20Culture%3Dneutral%2C%20PublicKeyToken%3Db77a5c561934e089">
<head xsi:null="1"/>
<version>0</version>
<count>0</count>
<comparer xsi:null="1"/>
</a4:ListDictionary>
<a2:ArrayList id="ref-200" xmlns:a2="http://schemas.microsoft.com/clr/ns/System.Collections">
<_items href="#ref-159"/>
<_size>0</_size>
<_version>0</_version>
</a2:ArrayList>
<a1:CodeTypeReference id="ref-201" xmlns:a1="http://schemas.microsoft.com/clr/nsassem/System.CodeDom/System%2C%20Version%3D4.0.0.0%2C%20Culture%3Dneutral%2C%20PublicKeyToken%3Db77a5c561934e089">
<baseType id="ref-223">System.ComponentModel.ISupportInitialize</baseType>
<isInterface>true</isInterface>
<arrayRank>0</arrayRank>
<arrayElementType xsi:null="1"/>
<typeArguments href="#ref-224"/>
<referenceOptions>0</referenceOptions>
<needsFixup>true</needsFixup>
<CodeObject_x002B_userData href="#ref-225"/>
</a1:CodeTypeReference>
<a4:ListDictionary id="ref-202" xmlns:a4="http://schemas.microsoft.com/clr/nsassem/System.Collections.Specialized/System%2C%20Version%3D4.0.0.0%2C%20Culture%3Dneutral%2C%20PublicKeyToken%3Db77a5c561934e089">
<head xsi:null="1"/>
<version>0</version>
<count>0</count>
<comparer xsi:null="1"/>
</a4:ListDictionary>
<a2:ArrayList id="ref-203" xmlns:a2="http://schemas.microsoft.com/clr/ns/System.Collections">
<_items href="#ref-159"/>
<_size>0</_size>
<_version>0</_version>
</a2:ArrayList>
<a1:CodeTypeReference id="ref-204" xmlns:a1="http://schemas.microsoft.com/clr/nsassem/System.CodeDom/System%2C%20Version%3D4.0.0.0%2C%20Culture%3Dneutral%2C%20PublicKeyToken%3Db77a5c561934e089">
<baseType id="ref-226">System.ComponentModel.ISupportInitialize</baseType>
<isInterface>true</isInterface>
<arrayRank>0</arrayRank>
<arrayElementType xsi:null="1"/>
<typeArguments href="#ref-227"/>
<referenceOptions>0</referenceOptions>
<needsFixup>true</needsFixup>
<CodeObject_x002B_userData href="#ref-228"/>
</a1:CodeTypeReference>
<a4:ListDictionary id="ref-205" xmlns:a4="http://schemas.microsoft.com/clr/nsassem/System.Collections.Specialized/System%2C%20Version%3D4.0.0.0%2C%20Culture%3Dneutral%2C%20PublicKeyToken%3Db77a5c561934e089">
<head xsi:null="1"/>
<version>0</version>
<count>0</count>
<comparer xsi:null="1"/>
</a4:ListDictionary>
<a2:ArrayList id="ref-206" xmlns:a2="http://schemas.microsoft.com/clr/ns/System.Collections">
<_items href="#ref-159"/>
<_size>0</_size>
<_version>0</_version>
</a2:ArrayList>
<a1:CodeTypeReferenceCollection id="ref-208" xmlns:a1="http://schemas.microsoft.com/clr/nsassem/System.CodeDom/System%2C%20Version%3D4.0.0.0%2C%20Culture%3Dneutral%2C%20PublicKeyToken%3Db77a5c561934e089">
<CollectionBase_x002B_list href="#ref-229"/>
</a1:CodeTypeReferenceCollection>
<a4:ListDictionary id="ref-209" xmlns:a4="http://schemas.microsoft.com/clr/nsassem/System.Collections.Specialized/System%2C%20Version%3D4.0.0.0%2C%20Culture%3Dneutral%2C%20PublicKeyToken%3Db77a5c561934e089">
<head xsi:null="1"/>
<version>0</version>
<count>0</count>
<comparer xsi:null="1"/>
</a4:ListDictionary>
<a4:ListDictionary id="ref-211" xmlns:a4="http://schemas.microsoft.com/clr/nsassem/System.Collections.Specialized/System%2C%20Version%3D4.0.0.0%2C%20Culture%3Dneutral%2C%20PublicKeyToken%3Db77a5c561934e089">
<head xsi:null="1"/>
<version>0</version>
<count>0</count>
<comparer xsi:null="1"/>
</a4:ListDictionary>
<a1:CodeTypeReferenceCollection id="ref-213" xmlns:a1="http://schemas.microsoft.com/clr/nsassem/System.CodeDom/System%2C%20Version%3D4.0.0.0%2C%20Culture%3Dneutral%2C%20PublicKeyToken%3Db77a5c561934e089">
<CollectionBase_x002B_list href="#ref-230"/>
</a1:CodeTypeReferenceCollection>
<a4:ListDictionary id="ref-214" xmlns:a4="http://schemas.microsoft.com/clr/nsassem/System.Collections.Specialized/System%2C%20Version%3D4.0.0.0%2C%20Culture%3Dneutral%2C%20PublicKeyToken%3Db77a5c561934e089">
<head xsi:null="1"/>
<version>0</version>
<count>0</count>
<comparer xsi:null="1"/>
</a4:ListDictionary>
<a4:ListDictionary id="ref-216" xmlns:a4="http://schemas.microsoft.com/clr/nsassem/System.Collections.Specialized/System%2C%20Version%3D4.0.0.0%2C%20Culture%3Dneutral%2C%20PublicKeyToken%3Db77a5c561934e089">
<head xsi:null="1"/>
<version>0</version>
<count>0</count>
<comparer xsi:null="1"/>
</a4:ListDictionary>
<a1:CodeTypeReferenceCollection id="ref-218" xmlns:a1="http://schemas.microsoft.com/clr/nsassem/System.CodeDom/System%2C%20Version%3D4.0.0.0%2C%20Culture%3Dneutral%2C%20PublicKeyToken%3Db77a5c561934e089">
<CollectionBase_x002B_list href="#ref-231"/>
</a1:CodeTypeReferenceCollection>
<a4:ListDictionary id="ref-219" xmlns:a4="http://schemas.microsoft.com/clr/nsassem/System.Collections.Specialized/System%2C%20Version%3D4.0.0.0%2C%20Culture%3Dneutral%2C%20PublicKeyToken%3Db77a5c561934e089">
<head xsi:null="1"/>
<version>0</version>
<count>0</count>
<comparer xsi:null="1"/>
</a4:ListDictionary>
<a1:CodeTypeReferenceCollection id="ref-221" xmlns:a1="http://schemas.microsoft.com/clr/nsassem/System.CodeDom/System%2C%20Version%3D4.0.0.0%2C%20Culture%3Dneutral%2C%20PublicKeyToken%3Db77a5c561934e089">
<CollectionBase_x002B_list href="#ref-232"/>
</a1:CodeTypeReferenceCollection>
<a4:ListDictionary id="ref-222" xmlns:a4="http://schemas.microsoft.com/clr/nsassem/System.Collections.Specialized/System%2C%20Version%3D4.0.0.0%2C%20Culture%3Dneutral%2C%20PublicKeyToken%3Db77a5c561934e089">
<head xsi:null="1"/>
<version>0</version>
<count>0</count>
<comparer xsi:null="1"/>
</a4:ListDictionary>
<a1:CodeTypeReferenceCollection id="ref-224" xmlns:a1="http://schemas.microsoft.com/clr/nsassem/System.CodeDom/System%2C%20Version%3D4.0.0.0%2C%20Culture%3Dneutral%2C%20PublicKeyToken%3Db77a5c561934e089">
<CollectionBase_x002B_list href="#ref-233"/>
</a1:CodeTypeReferenceCollection>
<a4:ListDictionary id="ref-225" xmlns:a4="http://schemas.microsoft.com/clr/nsassem/System.Collections.Specialized/System%2C%20Version%3D4.0.0.0%2C%20Culture%3Dneutral%2C%20PublicKeyToken%3Db77a5c561934e089">
<head xsi:null="1"/>
<version>0</version>
<count>0</count>
<comparer xsi:null="1"/>
</a4:ListDictionary>
<a1:CodeTypeReferenceCollection id="ref-227" xmlns:a1="http://schemas.microsoft.com/clr/nsassem/System.CodeDom/System%2C%20Version%3D4.0.0.0%2C%20Culture%3Dneutral%2C%20PublicKeyToken%3Db77a5c561934e089">
<CollectionBase_x002B_list href="#ref-234"/>
</a1:CodeTypeReferenceCollection>
<a4:ListDictionary id="ref-228" xmlns:a4="http://schemas.microsoft.com/clr/nsassem/System.Collections.Specialized/System%2C%20Version%3D4.0.0.0%2C%20Culture%3Dneutral%2C%20PublicKeyToken%3Db77a5c561934e089">
<head xsi:null="1"/>
<version>0</version>
<count>0</count>
<comparer xsi:null="1"/>
</a4:ListDictionary>
<a2:ArrayList id="ref-229" xmlns:a2="http://schemas.microsoft.com/clr/ns/System.Collections">
<_items href="#ref-159"/>
<_size>0</_size>
<_version>0</_version>
</a2:ArrayList>
<a2:ArrayList id="ref-230" xmlns:a2="http://schemas.microsoft.com/clr/ns/System.Collections">
<_items href="#ref-159"/>
<_size>0</_size>
<_version>0</_version>
</a2:ArrayList>
<a2:ArrayList id="ref-231" xmlns:a2="http://schemas.microsoft.com/clr/ns/System.Collections">
<_items href="#ref-159"/>
<_size>0</_size>
<_version>0</_version>
</a2:ArrayList>
<a2:ArrayList id="ref-232" xmlns:a2="http://schemas.microsoft.com/clr/ns/System.Collections">
<_items href="#ref-159"/>
<_size>0</_size>
<_version>0</_version>
</a2:ArrayList>
<a2:ArrayList id="ref-233" xmlns:a2="http://schemas.microsoft.com/clr/ns/System.Collections">
<_items href="#ref-159"/>
<_size>0</_size>
<_version>0</_version>
</a2:ArrayList>
<a2:ArrayList id="ref-234" xmlns:a2="http://schemas.microsoft.com/clr/ns/System.Collections">
<_items href="#ref-159"/>
<_size>0</_size>
<_version>0</_version>
</a2:ArrayList>
</SOAP-ENV:Body>
</SOAP-ENV:Envelope>
]]></hostitem:componentsInitialization>
</hostitem:hostItem>